date,strategy,row_type,nav,benchmark_nav,daily_return,benchmark_return,active_return,core_weight,satellite_weight,turnover,transaction_cost_gbp,signal_generated,executed_pending,market_snapshot_hash,strategy_hash,previous_chain_hash,chain_hash,payload_json
2026-09-16,RM25,BASELINE,100,100,0,0,0,0.751817232541,0.248182767459,0,0,False,False,6ac6eb2e49f1c875278ddd0808094ef5f28a1749fe41e09d8641604387aa3625,ddc403fa8f1e6e4a8f8056128f0f4d7b85b2369678a66284c4227ce484770e7e,GENESIS,934eebb4edb66bd8ea2ef295acb8713fb3215ba41182bac6f58ceb96cde318bd,"{""active_overlay_cap"":0.25,""active_regime"":""FIXED_25"",""active_return"":0.0,""benchmark_nav"":100.0,""benchmark_return"":0.0,""core_weight"":0.7518172325409438,""cost_drag_return"":0.0,""daily_return"":0.0,""date"":""2026-09-16"",""dispersion"":0.09228258307248971,""executed_pending"":false,""gross_overlay_return"":0.0,""high_dispersion_threshold"":0.08240276991853526,""market_snapshot_hash"":""6ac6eb2e49f1c875278ddd0808094ef5f28a1749fe41e09d8641604387aa3625"",""medium_dispersion_threshold"":0.07194193477815533,""nav"":100.0,""pending_overlay_cap"":null,""pending_regime"":null,""pending_target"":null,""row_type"":""BASELINE"",""satellite_weight"":0.2481827674590562,""satellite_weights"":{""EEM"":0.0,""EFA"":0.0,""IWM"":0.07898782176738374,""SPY"":0.0,""VNQ"":0.0,""XLE"":0.08889551432090606,""XLF"":0.0,""XLI"":0.0,""XLK"":0.08029943137076641,""XLP"":0.0,""XLU"":0.0,""XLV"":0.0,""XLY"":0.0},""signal_generated"":false,""strategy"":""RM25"",""strategy_hash"":""ddc403fa8f1e6e4a8f8056128f0f4d7b85b2369678a66284c4227ce484770e7e"",""top_signal_scores"":{""EEM"":0.18163003709013528,""SPY"":0.18416430581556045,""XLE"":1.6731743071918241,""XLK"":1.1577502502151111,""XLV"":0.8681313281476631},""transaction_cost_gbp"":0.0,""turnover"":0.0}"
2026-09-16,V3,BASELINE,100,100,0,0,0,0.752143203187,0.247856796813,0,0,False,False,6ac6eb2e49f1c875278ddd0808094ef5f28a1749fe41e09d8641604387aa3625,5328cecd88d1b39cc3c978a3c80834f8ba060199129cdff2f8b56e2b93fa1c05,GENESIS,eb3a01f861dcc97546a72b3e2ba1bb419ab7b097a2e68c113527957d67afb764,"{""active_overlay_cap"":0.25,""active_regime"":""FIXED_25"",""active_return"":0.0,""benchmark_nav"":100.0,""benchmark_return"":0.0,""core_weight"":0.7521432031867843,""cost_drag_return"":0.0,""daily_return"":0.0,""date"":""2026-09-16"",""dispersion"":0.09228258307248971,""executed_pending"":false,""gross_overlay_return"":0.0,""high_dispersion_threshold"":0.08240276991853526,""market_snapshot_hash"":""6ac6eb2e49f1c875278ddd0808094ef5f28a1749fe41e09d8641604387aa3625"",""medium_dispersion_threshold"":0.07194193477815533,""nav"":100.0,""pending_overlay_cap"":null,""pending_regime"":null,""pending_target"":null,""row_type"":""BASELINE"",""satellite_weight"":0.24785679681321565,""satellite_weights"":{""EEM"":0.0,""EFA"":0.0,""IWM"":0.0789868198133937,""SPY"":0.0,""VNQ"":0.0,""XLE"":0.08889645500130938,""XLF"":0.0,""XLI"":0.0,""XLK"":0.07997352199851258,""XLP"":0.0,""XLU"":0.0,""XLV"":0.0,""XLY"":0.0},""signal_generated"":false,""strategy"":""V3"",""strategy_hash"":""5328cecd88d1b39cc3c978a3c80834f8ba060199129cdff2f8b56e2b93fa1c05"",""top_signal_scores"":{""IWM"":0.3607168346544065,""SPY"":0.3883802038560482,""XLE"":1.278622918187183,""XLK"":1.4166404958096162,""XLV"":0.757961938903507},""transaction_cost_gbp"":0.0,""turnover"":0.0}"
2026-09-16,V4,BASELINE,100,100,0,0,0,0.873149110354,0.126850889646,0,0,False,False,6ac6eb2e49f1c875278ddd0808094ef5f28a1749fe41e09d8641604387aa3625,a4c08098b3eefbfc9651d779a27997e0a80ae6a482063c2ff37a63f6a39609ab,GENESIS,f412ea80021b3ab5b6388d65dfa5aacacafbc54d4679a2364351ce4fc0470054,"{""active_overlay_cap"":0.175,""active_regime"":""MEDIUM"",""active_return"":0.0,""benchmark_nav"":100.0,""benchmark_return"":0.0,""core_weight"":0.87314911035383,""cost_drag_return"":0.0,""daily_return"":0.0,""date"":""2026-09-16"",""dispersion"":0.09228258307248971,""executed_pending"":false,""gross_overlay_return"":0.0,""high_dispersion_threshold"":0.08240276991853526,""market_snapshot_hash"":""6ac6eb2e49f1c875278ddd0808094ef5f28a1749fe41e09d8641604387aa3625"",""medium_dispersion_threshold"":0.07194193477815533,""nav"":100.0,""pending_overlay_cap"":null,""pending_regime"":null,""pending_target"":null,""row_type"":""BASELINE"",""satellite_weight"":0.12685088964616995,""satellite_weights"":{""EEM"":0.0,""EFA"":0.0,""IWM"":0.05675075161037069,""SPY"":0.0,""VNQ"":0.0,""XLE"":0.035696423516338276,""XLF"":0.0,""XLI"":0.0,""XLK"":0.034403714519460976,""XLP"":0.0,""XLU"":0.0,""XLV"":0.0,""XLY"":0.0},""signal_generated"":false,""strategy"":""V4"",""strategy_hash"":""a4c08098b3eefbfc9651d779a27997e0a80ae6a482063c2ff37a63f6a39609ab"",""top_signal_scores"":{""EEM"":0.18163003709013528,""SPY"":0.18416430581556045,""XLE"":1.6731743071918241,""XLK"":1.1577502502151111,""XLV"":0.8681313281476631},""transaction_cost_gbp"":0.0,""turnover"":0.0}"
2026-09-17,RM25,FORWARD,101.904344867,101.928350876,0.0190434486743,0.01928350876,-0.000240060085734,0.751994341093,0.248005658907,0,0,False,False,ee4150426aeca8c386aa68a92cf6a83c3d1d0db56d526ba76df0f19a214ddb59,ddc403fa8f1e6e4a8f8056128f0f4d7b85b2369678a66284c4227ce484770e7e,934eebb4edb66bd8ea2ef295acb8713fb3215ba41182bac6f58ceb96cde318bd,7c4f8b2f0f218bb353ca66bdac485dc716fb190278650013682018ec3f4c914f,"{""active_overlay_cap"":0.25,""active_regime"":""FIXED_25"",""active_return"":-0.00024006008573440596,""benchmark_nav"":101.92835087599919,""benchmark_return"":0.019283508759991852,""core_weight"":0.7519943410926304,""cost_drag_return"":1.0408340855860843e-16,""daily_return"":0.019043448674257446,""date"":""2026-09-17"",""dispersion"":0.09361670104369928,""executed_pending"":false,""gross_overlay_return"":-0.00024006008573451004,""high_dispersion_threshold"":0.0824988038390382,""market_snapshot_hash"":""ee4150426aeca8c386aa68a92cf6a83c3d1d0db56d526ba76df0f19a214ddb59"",""medium_dispersion_threshold"":0.07207804603892766,""nav"":101.90434486742575,""pending_overlay_cap"":null,""pending_regime"":null,""pending_target"":null,""row_type"":""FORWARD"",""satellite_weight"":0.24800565890736953,""satellite_weights"":{""EEM"":0.0,""EFA"":0.0,""IWM"":0.07845100999963987,""SPY"":0.0,""VNQ"":0.0,""XLE"":0.08844152183634187,""XLF"":0.0,""XLI"":0.0,""XLK"":0.08111312707138782,""XLP"":0.0,""XLU"":0.0,""XLV"":0.0,""XLY"":0.0},""signal_generated"":false,""strategy"":""RM25"",""strategy_hash"":""ddc403fa8f1e6e4a8f8056128f0f4d7b85b2369678a66284c4227ce484770e7e"",""top_signal_scores"":{""EEM"":0.238838882081128,""SPY"":0.22138650701138585,""XLE"":1.5779161196086886,""XLK"":1.2689929393886568,""XLV"":0.8726813139683057},""transaction_cost_gbp"":0.0,""turnover"":0.0}"
2026-09-17,V3,FORWARD,101.904016355,101.928350876,0.0190401635516,0.01928350876,-0.000243345208371,0.752322813816,0.247677186184,0,0,False,False,ee4150426aeca8c386aa68a92cf6a83c3d1d0db56d526ba76df0f19a214ddb59,5328cecd88d1b39cc3c978a3c80834f8ba060199129cdff2f8b56e2b93fa1c05,eb3a01f861dcc97546a72b3e2ba1bb419ab7b097a2e68c113527957d67afb764,b20d45521091a8718b877fdea404a63c5f25933436212ea67073c9f66190586c,"{""active_overlay_cap"":0.25,""active_regime"":""FIXED_25"",""active_return"":-0.00024334520837099305,""benchmark_nav"":101.92835087599919,""benchmark_return"":0.019283508759991852,""core_weight"":0.7523228138155416,""cost_drag_return"":1.3877787807814457e-17,""daily_return"":0.01904016355162086,""date"":""2026-09-17"",""dispersion"":0.09361670104369928,""executed_pending"":false,""gross_overlay_return"":-0.00024334520837100693,""high_dispersion_threshold"":0.0824988038390382,""market_snapshot_hash"":""ee4150426aeca8c386aa68a92cf6a83c3d1d0db56d526ba76df0f19a214ddb59"",""medium_dispersion_threshold"":0.07207804603892766,""nav"":101.90401635516209,""pending_overlay_cap"":null,""pending_regime"":null,""pending_target"":null,""row_type"":""FORWARD"",""satellite_weight"":0.2476771861844585,""satellite_weights"":{""EEM"":0.0,""EFA"":0.0,""IWM"":0.07845026775767527,""SPY"":0.0,""VNQ"":0.0,""XLE"":0.0884427428283285,""XLF"":0.0,""XLI"":0.0,""XLK"":0.08078417559845473,""XLP"":0.0,""XLU"":0.0,""XLV"":0.0,""XLY"":0.0},""signal_generated"":false,""strategy"":""V3"",""strategy_hash"":""5328cecd88d1b39cc3c978a3c80834f8ba060199129cdff2f8b56e2b93fa1c05"",""top_signal_scores"":{""EEM"":0.35804094243072937,""SPY"":0.398006710779665,""XLE"":1.1960037022996166,""XLK"":1.5175280877479587,""XLV"":0.7653992972340784},""transaction_cost_gbp"":0.0,""turnover"":0.0}"
2026-09-17,V4,FORWARD,101.902951296,101.928350876,0.0190295129568,0.01928350876,-0.00025399580317,0.873366745081,0.126633254919,0,0,False,False,ee4150426aeca8c386aa68a92cf6a83c3d1d0db56d526ba76df0f19a214ddb59,a4c08098b3eefbfc9651d779a27997e0a80ae6a482063c2ff37a63f6a39609ab,f412ea80021b3ab5b6388d65dfa5aacacafbc54d4679a2364351ce4fc0470054,79c851d41d1691a01060b083ef38db8fb65577ff00a44370b8eeb47f7e1c2a40,"{""active_overlay_cap"":0.175,""active_regime"":""MEDIUM"",""active_return"":-0.00025399580317020387,""benchmark_nav"":101.92835087599919,""benchmark_return"":0.019283508759991852,""core_weight"":0.8733667450805498,""cost_drag_return"":6.591949208711867e-17,""daily_return"":0.019029512956821648,""date"":""2026-09-17"",""dispersion"":0.09361670104369928,""executed_pending"":false,""gross_overlay_return"":-0.0002539958031702698,""high_dispersion_threshold"":0.0824988038390382,""market_snapshot_hash"":""ee4150426aeca8c386aa68a92cf6a83c3d1d0db56d526ba76df0f19a214ddb59"",""medium_dispersion_threshold"":0.07207804603892766,""nav"":101.90295129568216,""pending_overlay_cap"":null,""pending_regime"":null,""pending_target"":null,""row_type"":""FORWARD"",""satellite_weight"":0.12663325491945016,""satellite_weights"":{""EEM"":0.0,""EFA"":0.0,""IWM"":0.056365836755476365,""SPY"":0.0,""VNQ"":0.0,""XLE"":0.035514606312096894,""XLF"":0.0,""XLI"":0.0,""XLK"":0.03475281185187691,""XLP"":0.0,""XLU"":0.0,""XLV"":0.0,""XLY"":0.0},""signal_generated"":false,""strategy"":""V4"",""strategy_hash"":""a4c08098b3eefbfc9651d779a27997e0a80ae6a482063c2ff37a63f6a39609ab"",""top_signal_scores"":{""EEM"":0.238838882081128,""SPY"":0.22138650701138585,""XLE"":1.5779161196086886,""XLK"":1.2689929393886568,""XLV"":0.8726813139683057},""transaction_cost_gbp"":0.0,""turnover"":0.0}"
2026-09-18,RM25,RECOVERED_AFTER_OUTAGE,101.966565486,101.93945588,0.0006105786585,0.000108949121672,0.000501629536828,0.751617348703,0.248382651297,0,0,False,False,a3634faf095b80d76dd96c14353caf4bded62a27cd11e9d262414deb175a69d1,ddc403fa8f1e6e4a8f8056128f0f4d7b85b2369678a66284c4227ce484770e7e,7c4f8b2f0f218bb353ca66bdac485dc716fb190278650013682018ec3f4c914f,e108a33dea7bc40539f6e6054daae4b9b401fb4572e459e78d63bd629fda4af9,"{""active_overlay_cap"":0.25,""active_regime"":""FIXED_25"",""active_return"":0.0005016295368276413,""benchmark_nav"":101.9394558803006,""benchmark_return"":0.00010894912167191961,""core_weight"":0.7516173487031187,""cost_drag_return"":8.651933336434325e-17,""daily_return"":0.0006105786584995609,""date"":""2026-09-18"",""dispersion"":0.09544760140304434,""executed_pending"":false,""gross_overlay_return"":0.0005016295368275548,""high_dispersion_threshold"":0.08253733325656482,""market_snapshot_hash"":""a3634faf095b80d76dd96c14353caf4bded62a27cd11e9d262414deb175a69d1"",""medium_dispersion_threshold"":0.0722284011779918,""nav"":101.96656548561018,""pending_overlay_cap"":null,""pending_regime"":null,""pending_target"":null,""row_type"":""RECOVERED_AFTER_OUTAGE"",""satellite_weight"":0.2483826512968813,""satellite_weights"":{""EEM"":0.0,""EFA"":0.0,""IWM"":0.07818351114637316,""SPY"":0.0,""VNQ"":0.0,""XLE"":0.08831909992011862,""XLF"":0.0,""XLI"":0.0,""XLK"":0.08188004023038954,""XLP"":0.0,""XLU"":0.0,""XLV"":0.0,""XLY"":0.0},""signal_generated"":false,""strategy"":""RM25"",""strategy_hash"":""ddc403fa8f1e6e4a8f8056128f0f4d7b85b2369678a66284c4227ce484770e7e"",""top_signal_scores"":{""EEM"":0.18364660023555135,""SPY"":0.2453905757467395,""XLE"":1.4993875712693672,""XLK"":1.2661920002238674,""XLV"":0.873622072522927},""transaction_cost_gbp"":0.0,""turnover"":0.0}"
2026-09-18,V3,RECOVERED_AFTER_OUTAGE,101.965902933,101.93945588,0.000607302639418,0.000108949121672,0.000498353517746,0.751948118648,0.248051881352,0,0,False,False,a3634faf095b80d76dd96c14353caf4bded62a27cd11e9d262414deb175a69d1,5328cecd88d1b39cc3c978a3c80834f8ba060199129cdff2f8b56e2b93fa1c05,b20d45521091a8718b877fdea404a63c5f25933436212ea67073c9f66190586c,b98e9e5c77c4d7ffbbbde7cd1f6173f83a679e3f20702ce9bfaa76233a27d518,"{""active_overlay_cap"":0.25,""active_regime"":""FIXED_25"",""active_return"":0.0004983535177456311,""benchmark_nav"":101.9394558803006,""benchmark_return"":0.00010894912167191961,""core_weight"":0.7519481186481604,""cost_drag_return"":-2.5587171270657905e-17,""daily_return"":0.0006073026394175507,""date"":""2026-09-18"",""dispersion"":0.09544760140304434,""executed_pending"":false,""gross_overlay_return"":0.0004983535177456567,""high_dispersion_threshold"":0.08253733325656482,""market_snapshot_hash"":""a3634faf095b80d76dd96c14353caf4bded62a27cd11e9d262414deb175a69d1"",""medium_dispersion_threshold"":0.0722284011779918,""nav"":101.96590293326183,""pending_overlay_cap"":null,""pending_regime"":null,""pending_target"":null,""row_type"":""RECOVERED_AFTER_OUTAGE"",""satellite_weight"":0.24805188135183967,""satellite_weights"":{""EEM"":0.0,""EFA"":0.0,""IWM"":0.07818302740807118,""SPY"":0.0,""VNQ"":0.0,""XLE"":0.08832060838543349,""XLF"":0.0,""XLI"":0.0,""XLK"":0.08154824555833501,""XLP"":0.0,""XLU"":0.0,""XLV"":0.0,""XLY"":0.0},""signal_generated"":false,""strategy"":""V3"",""strategy_hash"":""5328cecd88d1b39cc3c978a3c80834f8ba060199129cdff2f8b56e2b93fa1c05"",""top_signal_scores"":{""EEM"":0.32725663529894183,""SPY"":0.46032293626340504,""XLE"":1.1159839592868814,""XLK"":1.530603799059742,""XLV"":0.7749622574415727},""transaction_cost_gbp"":0.0,""turnover"":0.0}"
2026-09-18,V4,RECOVERED_AFTER_OUTAGE,101.929421068,101.93945588,0.000259754718776,0.000108949121672,0.000150805597104,0.87323507069,0.12676492931,0,0,False,False,a3634faf095b80d76dd96c14353caf4bded62a27cd11e9d262414deb175a69d1,a4c08098b3eefbfc9651d779a27997e0a80ae6a482063c2ff37a63f6a39609ab,79c851d41d1691a01060b083ef38db8fb65577ff00a44370b8eeb47f7e1c2a40,f561d0aa918e3b55be472f1a14a2721c6b24ce4982c6f49c90e68741c19d704c,"{""active_overlay_cap"":0.175,""active_regime"":""MEDIUM"",""active_return"":0.00015080559710445307,""benchmark_nav"":101.9394558803006,""benchmark_return"":0.00010894912167191961,""core_weight"":0.8732350706901111,""cost_drag_return"":8.695301423333746e-17,""daily_return"":0.0002597547187763727,""date"":""2026-09-18"",""dispersion"":0.09544760140304434,""executed_pending"":false,""gross_overlay_return"":0.00015080559710436612,""high_dispersion_threshold"":0.08253733325656482,""market_snapshot_hash"":""a3634faf095b80d76dd96c14353caf4bded62a27cd11e9d262414deb175a69d1"",""medium_dispersion_threshold"":0.0722284011779918,""nav"":101.92942106813845,""pending_overlay_cap"":null,""pending_regime"":null,""pending_target"":null,""row_type"":""RECOVERED_AFTER_OUTAGE"",""satellite_weight"":0.12676492930988886,""satellite_weights"":{""EEM"":0.0,""EFA"":0.0,""IWM"":0.056193344909670304,""SPY"":0.0,""VNQ"":0.0,""XLE"":0.03547788542416085,""XLF"":0.0,""XLI"":0.0,""XLK"":0.035093698976057706,""XLP"":0.0,""XLU"":0.0,""XLV"":0.0,""XLY"":0.0},""signal_generated"":false,""strategy"":""V4"",""strategy_hash"":""a4c08098b3eefbfc9651d779a27997e0a80ae6a482063c2ff37a63f6a39609ab"",""top_signal_scores"":{""EEM"":0.18364660023555135,""SPY"":0.2453905757467395,""XLE"":1.4993875712693672,""XLK"":1.2661920002238674,""XLV"":0.873622072522927},""transaction_cost_gbp"":0.0,""turnover"":0.0}"
2026-09-21,RM25,RECOVERED_AFTER_OUTAGE,103.037334109,103.340475708,0.0105011737785,0.0137436463238,-0.00324247254529,0.754029120882,0.245970879118,0,0,False,False,e3d28e766df5ed4bf17055fc646bcc7793e92bdb3acee82f22498369bd702ba5,ddc403fa8f1e6e4a8f8056128f0f4d7b85b2369678a66284c4227ce484770e7e,e108a33dea7bc40539f6e6054daae4b9b401fb4572e459e78d63bd629fda4af9,f146778849443edf71f7169a8fc8dbc3e53925dd3e75c4b8a038a56fb498bc1c,"{""active_overlay_cap"":0.25,""active_regime"":""FIXED_25"",""active_return"":-0.003242472545285535,""benchmark_nav"":103.34047570835962,""benchmark_return"":0.013743646323795655,""core_weight"":0.7540291208820834,""cost_drag_return"":5.377642775528102e-17,""daily_return"":0.01050117377851012,""date"":""2026-09-21"",""dispersion"":0.09525838098253633,""executed_pending"":false,""gross_overlay_return"":-0.003242472545285589,""high_dispersion_threshold"":0.08258215531904806,""market_snapshot_hash"":""e3d28e766df5ed4bf17055fc646bcc7793e92bdb3acee82f22498369bd702ba5"",""medium_dispersion_threshold"":0.07229425329392326,""nav"":103.0373341093724,""pending_overlay_cap"":null,""pending_regime"":null,""pending_target"":null,""row_type"":""RECOVERED_AFTER_OUTAGE"",""satellite_weight"":0.2459708791179166,""satellite_weights"":{""EEM"":0.0,""EFA"":0.0,""IWM"":0.07759590324905659,""SPY"":0.0,""VNQ"":0.0,""XLE"":0.08519596454612442,""XLF"":0.0,""XLI"":0.0,""XLK"":0.08317901132273557,""XLP"":0.0,""XLU"":0.0,""XLV"":0.0,""XLY"":0.0},""signal_generated"":false,""strategy"":""RM25"",""strategy_hash"":""ddc403fa8f1e6e4a8f8056128f0f4d7b85b2369678a66284c4227ce484770e7e"",""top_signal_scores"":{""EEM"":0.40938525968284845,""SPY"":0.3472446035070862,""XLE"":1.176675574574124,""XLK"":1.4251622538095488,""XLV"":0.8841903716548895},""transaction_cost_gbp"":0.0,""turnover"":0.0}"
2026-09-21,V3,RECOVERED_AFTER_OUTAGE,103.036226484,103.340475708,0.0104968770908,0.0137436463238,-0.00324676923298,0.754364159778,0.245635840222,0,0,False,False,e3d28e766df5ed4bf17055fc646bcc7793e92bdb3acee82f22498369bd702ba5,5328cecd88d1b39cc3c978a3c80834f8ba060199129cdff2f8b56e2b93fa1c05,b98e9e5c77c4d7ffbbbde7cd1f6173f83a679e3f20702ce9bfaa76233a27d518,be0fe1493426a94a21938df87137b0df080e35b46d6340e3b96074be327526cf,"{""active_overlay_cap"":0.25,""active_regime"":""FIXED_25"",""active_return"":-0.003246769232982727,""benchmark_nav"":103.34047570835962,""benchmark_return"":0.013743646323795655,""core_weight"":0.7543641597778021,""cost_drag_return"":-1.0061396160665481e-16,""daily_return"":0.010496877090812928,""date"":""2026-09-21"",""dispersion"":0.09525838098253633,""executed_pending"":false,""gross_overlay_return"":-0.0032467692329826263,""high_dispersion_threshold"":0.08258215531904806,""market_snapshot_hash"":""e3d28e766df5ed4bf17055fc646bcc7793e92bdb3acee82f22498369bd702ba5"",""medium_dispersion_threshold"":0.07229425329392326,""nav"":103.03622648380605,""pending_overlay_cap"":null,""pending_regime"":null,""pending_target"":null,""row_type"":""RECOVERED_AFTER_OUTAGE"",""satellite_weight"":0.24563584022219792,""satellite_weights"":{""EEM"":0.0,""EFA"":0.0,""IWM"":0.07759575308637259,""SPY"":0.0,""VNQ"":0.0,""XLE"":0.08519778193323162,""XLF"":0.0,""XLI"":0.0,""XLK"":0.08284230520259368,""XLP"":0.0,""XLU"":0.0,""XLV"":0.0,""XLY"":0.0},""signal_generated"":false,""strategy"":""V3"",""strategy_hash"":""5328cecd88d1b39cc3c978a3c80834f8ba060199129cdff2f8b56e2b93fa1c05"",""top_signal_scores"":{""EEM"":0.5909319070578515,""SPY"":0.47486916975022,""XLE"":0.8223034672924925,""XLK"":1.6952880339216754,""XLV"":0.758910633163134},""transaction_cost_gbp"":0.0,""turnover"":0.0}"
2026-09-21,V4,RECOVERED_AFTER_OUTAGE,103.173030004,103.340475708,0.0122006867397,0.0137436463238,-0.00154295958411,0.874566196463,0.125433803537,0,0,False,False,e3d28e766df5ed4bf17055fc646bcc7793e92bdb3acee82f22498369bd702ba5,a4c08098b3eefbfc9651d779a27997e0a80ae6a482063c2ff37a63f6a39609ab,f561d0aa918e3b55be472f1a14a2721c6b24ce4982c6f49c90e68741c19d704c,c5a76a226d66ed0d100462ea8e63ffb663faacbc509e58414c3da96afd1b7eeb,"{""active_overlay_cap"":0.175,""active_regime"":""MEDIUM"",""active_return"":-0.0015429595841089938,""benchmark_nav"":103.34047570835962,""benchmark_return"":0.013743646323795655,""core_weight"":0.8745661964630458,""cost_drag_return"":-4.85722573273506e-17,""daily_return"":0.012200686739686661,""date"":""2026-09-21"",""dispersion"":0.09525838098253633,""executed_pending"":false,""gross_overlay_return"":-0.0015429595841089452,""high_dispersion_threshold"":0.08258215531904806,""market_snapshot_hash"":""e3d28e766df5ed4bf17055fc646bcc7793e92bdb3acee82f22498369bd702ba5"",""medium_dispersion_threshold"":0.07229425329392326,""nav"":103.17303000414843,""pending_overlay_cap"":null,""pending_regime"":null,""pending_target"":null,""row_type"":""RECOVERED_AFTER_OUTAGE"",""satellite_weight"":0.1254338035369542,""satellite_weights"":{""EEM"":0.0,""EFA"":0.0,""IWM"":0.055677368584602004,""SPY"":0.0,""VNQ"":0.0,""XLE"":0.034165856404225196,""XLF"":0.0,""XLI"":0.0,""XLK"":0.035590578548127014,""XLP"":0.0,""XLU"":0.0,""XLV"":0.0,""XLY"":0.0},""signal_generated"":false,""strategy"":""V4"",""strategy_hash"":""a4c08098b3eefbfc9651d779a27997e0a80ae6a482063c2ff37a63f6a39609ab"",""top_signal_scores"":{""EEM"":0.40938525968284845,""SPY"":0.3472446035070862,""XLE"":1.176675574574124,""XLK"":1.4251622538095488,""XLV"":0.8841903716548895},""transaction_cost_gbp"":0.0,""turnover"":0.0}"
2026-09-22,RM25,RECOVERED_AFTER_OUTAGE,103.355091999,103.701630585,0.00308391024226,0.00349480562883,-0.000410895386568,0.754337995428,0.245662004572,0,0,False,False,de15b296a1226bbe0ad62087c83a48337d734569f5f2c0b4aea070bbc2d38c6b,ddc403fa8f1e6e4a8f8056128f0f4d7b85b2369678a66284c4227ce484770e7e,f146778849443edf71f7169a8fc8dbc3e53925dd3e75c4b8a038a56fb498bc1c,5abdbae35c90eebfa35b8f61ce637e4965d93f1244027c7fa2ac51b2782294de,"{""active_overlay_cap"":0.25,""active_regime"":""FIXED_25"",""active_return"":-0.00041089538656846614,""benchmark_nav"":103.70163058455111,""benchmark_return"":0.0034948056288295337,""core_weight"":0.7543379954278171,""cost_drag_return"":4.2500725161431774e-17,""daily_return"":0.0030839102422610676,""date"":""2026-09-22"",""dispersion"":0.09918372882560753,""executed_pending"":false,""gross_overlay_return"":-0.00041089538656850864,""high_dispersion_threshold"":0.08260848896453579,""market_snapshot_hash"":""de15b296a1226bbe0ad62087c83a48337d734569f5f2c0b4aea070bbc2d38c6b"",""medium_dispersion_threshold"":0.07237232028607242,""nav"":103.35509199936756,""pending_overlay_cap"":null,""pending_regime"":null,""pending_target"":null,""row_type"":""RECOVERED_AFTER_OUTAGE"",""satellite_weight"":0.24566200457218296,""satellite_weights"":{""EEM"":0.0,""EFA"":0.0,""IWM"":0.07790230556016246,""SPY"":0.0,""VNQ"":0.0,""XLE"":0.08412105078225572,""XLF"":0.0,""XLI"":0.0,""XLK"":0.08363864822976479,""XLP"":0.0,""XLU"":0.0,""XLV"":0.0,""XLY"":0.0},""signal_generated"":false,""strategy"":""RM25"",""strategy_hash"":""ddc403fa8f1e6e4a8f8056128f0f4d7b85b2369678a66284c4227ce484770e7e"",""top_signal_scores"":{""EEM"":0.6392130799481612,""SPY"":0.38399450761901127,""XLE"":1.0430493780503252,""XLK"":1.6507605580236877,""XLV"":0.9002282092471326},""transaction_cost_gbp"":0.0,""turnover"":0.0}"
2026-09-22,V3,RECOVERED_AFTER_OUTAGE,103.353800411,103.701630585,0.00308215797862,0.00349480562883,-0.000412647650213,0.754674489889,0.245325510111,0,0,False,False,de15b296a1226bbe0ad62087c83a48337d734569f5f2c0b4aea070bbc2d38c6b,5328cecd88d1b39cc3c978a3c80834f8ba060199129cdff2f8b56e2b93fa1c05,be0fe1493426a94a21938df87137b0df080e35b46d6340e3b96074be327526cf,62c0b6af0b85a09c0371d16f8f916db8f43e2f444ed23d43c765ef7316f5a6de,"{""active_overlay_cap"":0.25,""active_regime"":""FIXED_25"",""active_return"":-0.00041264765021331584,""benchmark_nav"":103.70163058455111,""benchmark_return"":0.0034948056288295337,""core_weight"":0.7546744898893104,""cost_drag_return"":1.9081958235744878e-17,""daily_return"":0.003082157978616218,""date"":""2026-09-22"",""dispersion"":0.09918372882560753,""executed_pending"":false,""gross_overlay_return"":-0.0004126476502133349,""high_dispersion_threshold"":0.08260848896453579,""market_snapshot_hash"":""de15b296a1226bbe0ad62087c83a48337d734569f5f2c0b4aea070bbc2d38c6b"",""medium_dispersion_threshold"":0.07237232028607242,""nav"":103.35380041134962,""pending_overlay_cap"":null,""pending_regime"":null,""pending_target"":null,""row_type"":""RECOVERED_AFTER_OUTAGE"",""satellite_weight"":0.24532551011068962,""satellite_weights"":{""EEM"":0.0,""EFA"":0.0,""IWM"":0.07790229089020848,""SPY"":0.0,""VNQ"":0.0,""XLE"":0.08412299219194183,""XLF"":0.0,""XLI"":0.0,""XLK"":0.08330022702853931,""XLP"":0.0,""XLU"":0.0,""XLV"":0.0,""XLY"":0.0},""signal_generated"":false,""strategy"":""V3"",""strategy_hash"":""5328cecd88d1b39cc3c978a3c80834f8ba060199129cdff2f8b56e2b93fa1c05"",""top_signal_scores"":{""EEM"":0.7106229715973993,""SPY"":0.5422709281224773,""XLE"":0.7156560439844437,""XLK"":1.858009321730263,""XLV"":0.8140752469193746},""transaction_cost_gbp"":0.0,""turnover"":0.0}"
2026-09-22,V4,RECOVERED_AFTER_OUTAGE,103.526776625,103.701630585,0.00342867337484,0.00349480562883,-6.61322539928e-05,0.87462383587,0.12537616413,0,0,False,False,de15b296a1226bbe0ad62087c83a48337d734569f5f2c0b4aea070bbc2d38c6b,a4c08098b3eefbfc9651d779a27997e0a80ae6a482063c2ff37a63f6a39609ab,c5a76a226d66ed0d100462ea8e63ffb663faacbc509e58414c3da96afd1b7eeb,3bc1d3ec6c82aeeefcde5ca9a8252f954781d76d23dfd77bde34dec9efad93eb,"{""active_overlay_cap"":0.175,""active_regime"":""MEDIUM"",""active_return"":-6.613225399276779e-05,""benchmark_nav"":103.70163058455111,""benchmark_return"":0.0034948056288295337,""core_weight"":0.8746238358701831,""cost_drag_return"":-4.423544863740858e-17,""daily_return"":0.003428673374836766,""date"":""2026-09-22"",""dispersion"":0.09918372882560753,""executed_pending"":false,""gross_overlay_return"":-6.613225399272355e-05,""high_dispersion_threshold"":0.08260848896453579,""market_snapshot_hash"":""de15b296a1226bbe0ad62087c83a48337d734569f5f2c0b4aea070bbc2d38c6b"",""medium_dispersion_threshold"":0.07237232028607242,""nav"":103.52677662512488,""pending_overlay_cap"":null,""pending_regime"":null,""pending_target"":null,""row_type"":""RECOVERED_AFTER_OUTAGE"",""satellite_weight"":0.12537616412981686,""satellite_weights"":{""EEM"":0.0,""EFA"":0.0,""IWM"":0.05587801590449923,""SPY"":0.0,""VNQ"":0.0,""XLE"":0.03372319651614002,""XLF"":0.0,""XLI"":0.0,""XLK"":0.03577495170917762,""XLP"":0.0,""XLU"":0.0,""XLV"":0.0,""XLY"":0.0},""signal_generated"":false,""strategy"":""V4"",""strategy_hash"":""a4c08098b3eefbfc9651d779a27997e0a80ae6a482063c2ff37a63f6a39609ab"",""top_signal_scores"":{""EEM"":0.6392130799481612,""SPY"":0.38399450761901127,""XLE"":1.0430493780503252,""XLK"":1.6507605580236877,""XLV"":0.9002282092471326},""transaction_cost_gbp"":0.0,""turnover"":0.0}"
2026-09-23,RM25,RECOVERED_AFTER_OUTAGE,102.510113785,102.648995051,-0.00817548702995,-0.0101506169914,0.0019751299615,0.752835798662,0.247164201338,0,0,True,False,007aacc349df8480fb14db95192f880554021381d611c0df5118fd5dd1d76a40,ddc403fa8f1e6e4a8f8056128f0f4d7b85b2369678a66284c4227ce484770e7e,5abdbae35c90eebfa35b8f61ce637e4965d93f1244027c7fa2ac51b2782294de,4c440c314f1cb5d30103321213e6826bbdb87b0a3d66eaa9b99792fda38b0b62,"{""active_overlay_cap"":0.25,""active_regime"":""FIXED_25"",""active_return"":0.00197512996149507,""benchmark_nav"":102.64899505109888,""benchmark_return"":-0.01015061699144626,""core_weight"":0.7528357986617762,""cost_drag_return"":1.9081958235744878e-17,""daily_return"":-0.00817548702995119,""date"":""2026-09-23"",""dispersion"":0.10299576880489567,""executed_pending"":false,""gross_overlay_return"":0.001975129961495162,""high_dispersion_threshold"":0.08266358826587934,""market_snapshot_hash"":""007aacc349df8480fb14db95192f880554021381d611c0df5118fd5dd1d76a40"",""medium_dispersion_threshold"":0.07247830949359474,""nav"":102.51011378524731,""pending_overlay_cap"":0.25,""pending_regime"":""FIXED_25"",""pending_target"":{""EEM"":0.08333333333333333,""EFA"":0.0,""IWM"":0.0,""SPY"":0.0,""VNQ"":0.0,""XLE"":0.08333333333333333,""XLF"":0.0,""XLI"":0.0,""XLK"":0.08333333333333333,""XLP"":0.0,""XLU"":0.0,""XLV"":0.0,""XLY"":0.0},""row_type"":""RECOVERED_AFTER_OUTAGE"",""satellite_weight"":0.24716420133822387,""satellite_weights"":{""EEM"":0.0,""EFA"":0.0,""IWM"":0.07725828519313854,""SPY"":0.0,""VNQ"":0.0,""XLE"":0.08580269327536882,""XLF"":0.0,""XLI"":0.0,""XLK"":0.08410322286971648,""XLP"":0.0,""XLU"":0.0,""XLV"":0.0,""XLY"":0.0},""signal_generated"":true,""strategy"":""RM25"",""strategy_hash"":""ddc403fa8f1e6e4a8f8056128f0f4d7b85b2369678a66284c4227ce484770e7e"",""top_signal_scores"":{""EEM"":0.5366097580193437,""SPY"":0.38094997949673304,""XLE"":1.1995837627148243,""XLK"":1.6434974446211499,""XLV"":0.8149847270107015},""transaction_cost_gbp"":0.0,""turnover"":0.0}"
2026-09-23,V3,RECOVERED_AFTER_OUTAGE,102.508575363,102.648995051,-0.00817797744475,-0.0101506169914,0.00197263954669,0.7531735142,0.2468264858,0,0,True,False,007aacc349df8480fb14db95192f880554021381d611c0df5118fd5dd1d76a40,5328cecd88d1b39cc3c978a3c80834f8ba060199129cdff2f8b56e2b93fa1c05,62c0b6af0b85a09c0371d16f8f916db8f43e2f444ed23d43c765ef7316f5a6de,de84cf4b79e89d365d96f0242834b20d233e511e90f9643e8245ece6ceffaa74,"{""active_overlay_cap"":0.25,""active_regime"":""FIXED_25"",""active_return"":0.0019726395466944657,""benchmark_nav"":102.64899505109888,""benchmark_return"":-0.01015061699144626,""core_weight"":0.7531735142003437,""cost_drag_return"":1.5612511283791264e-17,""daily_return"":-0.008177977444751794,""date"":""2026-09-23"",""dispersion"":0.10299576880489567,""executed_pending"":false,""gross_overlay_return"":0.001972639546694561,""high_dispersion_threshold"":0.08266358826587934,""market_snapshot_hash"":""007aacc349df8480fb14db95192f880554021381d611c0df5118fd5dd1d76a40"",""medium_dispersion_threshold"":0.07247830949359474,""nav"":102.50857536275623,""pending_overlay_cap"":0.25,""pending_regime"":""FIXED_25"",""pending_target"":{""EEM"":0.08333333333333333,""EFA"":0.0,""IWM"":0.0,""SPY"":0.0,""VNQ"":0.0,""XLE"":0.08333333333333333,""XLF"":0.0,""XLI"":0.0,""XLK"":0.08333333333333333,""XLP"":0.0,""XLU"":0.0,""XLV"":0.0,""XLY"":0.0},""row_type"":""RECOVERED_AFTER_OUTAGE"",""satellite_weight"":0.2468264857996563,""satellite_weights"":{""EEM"":0.0,""EFA"":0.0,""IWM"":0.07725846463606104,""SPY"":0.0,""VNQ"":0.0,""XLE"":0.08580488894646507,""XLF"":0.0,""XLI"":0.0,""XLK"":0.08376313221713019,""XLP"":0.0,""XLU"":0.0,""XLV"":0.0,""XLY"":0.0},""signal_generated"":true,""strategy"":""V3"",""strategy_hash"":""5328cecd88d1b39cc3c978a3c80834f8ba060199129cdff2f8b56e2b93fa1c05"",""top_signal_scores"":{""EEM"":0.6391182068024848,""SPY"":0.5718185439878714,""XLE"":0.8293252369850698,""XLK"":1.85201449788243,""XLV"":0.7573333903477422},""transaction_cost_gbp"":0.0,""turnover"":0.0}"
2026-09-23,V4,RECOVERED_AFTER_OUTAGE,102.54374621,102.648995051,-0.00949542183438,-0.0101506169914,0.00065519515707,0.874045293061,0.125954706939,0,0,True,False,007aacc349df8480fb14db95192f880554021381d611c0df5118fd5dd1d76a40,a4c08098b3eefbfc9651d779a27997e0a80ae6a482063c2ff37a63f6a39609ab,3bc1d3ec6c82aeeefcde5ca9a8252f954781d76d23dfd77bde34dec9efad93eb,ef81372a488bfdf58e2128c500c9a5f9d3669743eedc037a243cb3480001c638,"{""active_overlay_cap"":0.175,""active_regime"":""MEDIUM"",""active_return"":0.000655195157070354,""benchmark_nav"":102.64899505109888,""benchmark_return"":-0.01015061699144626,""core_weight"":0.8740452930606368,""cost_drag_return"":7.112366251504909e-17,""daily_return"":-0.009495421834375906,""date"":""2026-09-23"",""dispersion"":0.10299576880489567,""executed_pending"":false,""gross_overlay_return"":0.0006551951570703939,""high_dispersion_threshold"":0.08266358826587934,""market_snapshot_hash"":""007aacc349df8480fb14db95192f880554021381d611c0df5118fd5dd1d76a40"",""medium_dispersion_threshold"":0.07247830949359474,""nav"":102.54374620991611,""pending_overlay_cap"":0.25,""pending_regime"":""HIGH"",""pending_target"":{""EEM"":0.08333333333333333,""EFA"":0.0,""IWM"":0.0,""SPY"":0.0,""VNQ"":0.0,""XLE"":0.08333333333333333,""XLF"":0.0,""XLI"":0.0,""XLK"":0.08333333333333333,""XLP"":0.0,""XLU"":0.0,""XLV"":0.0,""XLY"":0.0},""row_type"":""RECOVERED_AFTER_OUTAGE"",""satellite_weight"":0.12595470693936323,""satellite_weights"":{""EEM"":0.0,""EFA"":0.0,""IWM"":0.05548991771476109,""SPY"":0.0,""VNQ"":0.0,""XLE"":0.034443185849106515,""XLF"":0.0,""XLI"":0.0,""XLK"":0.03602160337549562,""XLP"":0.0,""XLU"":0.0,""XLV"":0.0,""XLY"":0.0},""signal_generated"":true,""strategy"":""V4"",""strategy_hash"":""a4c08098b3eefbfc9651d779a27997e0a80ae6a482063c2ff37a63f6a39609ab"",""top_signal_scores"":{""EEM"":0.5366097580193437,""SPY"":0.38094997949673304,""XLE"":1.1995837627148243,""XLK"":1.6434974446211499,""XLV"":0.8149847270107015},""transaction_cost_gbp"":0.0,""turnover"":0.0}"
2026-09-24,RM25,RECOVERED_AFTER_OUTAGE,103.200493525,103.346163457,0.0067347475741,0.00679177039914,-5.70228250409e-05,0.75,0.25,0.164429939026,0.0254601559046,False,True,060aa7b57a556152b92cb24420ccc6dfa412f31623f4d3de4016ecf39a427b1c,ddc403fa8f1e6e4a8f8056128f0f4d7b85b2369678a66284c4227ce484770e7e,4c440c314f1cb5d30103321213e6826bbdb87b0a3d66eaa9b99792fda38b0b62,eddf1af3a50c94ca9692c7866c27e329c1a30eea20c8daf063e77155c41105d7,"{""active_overlay_cap"":0.25,""active_regime"":""FIXED_25"",""active_return"":-5.702282504094214e-05,""benchmark_nav"":103.34616345718847,""benchmark_return"":0.006791770399140695,""core_weight"":0.75,""cost_drag_return"":-0.000248367258257989,""daily_return"":0.006734747574099753,""date"":""2026-09-24"",""dispersion"":0.10452420829471686,""executed_pending"":true,""gross_overlay_return"":0.00019134443321704685,""high_dispersion_threshold"":0.08269004753512171,""market_snapshot_hash"":""060aa7b57a556152b92cb24420ccc6dfa412f31623f4d3de4016ecf39a427b1c"",""medium_dispersion_threshold"":0.07254911911267989,""nav"":103.2004935253832,""pending_overlay_cap"":null,""pending_regime"":null,""pending_target"":null,""row_type"":""RECOVERED_AFTER_OUTAGE"",""satellite_weight"":0.25,""satellite_weights"":{""EEM"":0.08221496951299882,""EFA"":0.0,""IWM"":0.0,""SPY"":0.0,""VNQ"":0.0,""XLE"":0.08502150162066739,""XLF"":0.0,""XLI"":0.0,""XLK"":0.08276352886633377,""XLP"":0.0,""XLU"":0.0,""XLV"":0.0,""XLY"":0.0},""signal_generated"":false,""strategy"":""RM25"",""strategy_hash"":""ddc403fa8f1e6e4a8f8056128f0f4d7b85b2369678a66284c4227ce484770e7e"",""top_signal_scores"":{""EEM"":0.43945841766508337,""SPY"":0.4292025839881764,""XLE"":1.204673756039259,""XLK"":1.6487925687255742,""XLV"":0.8363489068369021},""transaction_cost_gbp"":0.0254601559045719,""turnover"":0.16442993902599762}"
2026-09-24,V3,RECOVERED_AFTER_OUTAGE,103.198994435,103.346163457,0.00673523234467,0.00679177039914,-5.65380544675e-05,0.75,0.25,0.16464900999,0.0254937146709,False,True,060aa7b57a556152b92cb24420ccc6dfa412f31623f4d3de4016ecf39a427b1c,5328cecd88d1b39cc3c978a3c80834f8ba060199129cdff2f8b56e2b93fa1c05,de84cf4b79e89d365d96f0242834b20d233e511e90f9643e8245ece6ceffaa74,98039111a01fd3139f479f685b5103b3835b20cd57865e1953a2c8f0cd31a03b,"{""active_overlay_cap"":0.25,""active_regime"":""FIXED_25"",""active_return"":-5.653805446748095e-05,""benchmark_nav"":103.34616345718847,""benchmark_return"":0.006791770399140695,""core_weight"":0.75,""cost_drag_return"":-0.00024869836089999684,""daily_return"":0.006735232344673214,""date"":""2026-09-24"",""dispersion"":0.10452420829471686,""executed_pending"":true,""gross_overlay_return"":0.0001921603064325159,""high_dispersion_threshold"":0.08269004753512171,""market_snapshot_hash"":""060aa7b57a556152b92cb24420ccc6dfa412f31623f4d3de4016ecf39a427b1c"",""medium_dispersion_threshold"":0.07254911911267989,""nav"":103.19899443514583,""pending_overlay_cap"":null,""pending_regime"":null,""pending_target"":null,""row_type"":""RECOVERED_AFTER_OUTAGE"",""satellite_weight"":0.25,""satellite_weights"":{""EEM"":0.08232450499507646,""EFA"":0.0,""IWM"":0.0,""SPY"":0.0,""VNQ"":0.0,""XLE"":0.08513688586183514,""XLF"":0.0,""XLI"":0.0,""XLK"":0.0825386091430884,""XLP"":0.0,""XLU"":0.0,""XLV"":0.0,""XLY"":0.0},""signal_generated"":false,""strategy"":""V3"",""strategy_hash"":""5328cecd88d1b39cc3c978a3c80834f8ba060199129cdff2f8b56e2b93fa1c05"",""top_signal_scores"":{""EEM"":0.5271874947863272,""SPY"":0.6432853275633534,""XLE"":0.8601322732675687,""XLK"":1.8423511695768782,""XLV"":0.7817354055693574},""transaction_cost_gbp"":0.025493714670911403,""turnover"":0.16464900999015292}"
2026-09-24,V4,RECOVERED_AFTER_OUTAGE,103.191815598,103.346163457,0.00631993088076,0.00679177039914,-0.00047183951838,0.75,0.25,0.358935311734,0.055588708876,False,True,060aa7b57a556152b92cb24420ccc6dfa412f31623f4d3de4016ecf39a427b1c,a4c08098b3eefbfc9651d779a27997e0a80ae6a482063c2ff37a63f6a39609ab,ef81372a488bfdf58e2128c500c9a5f9d3669743eedc037a243cb3480001c638,96d559b6a4ae4ea5ca53c41be45bf583e0019a86db4e0911ad66a51b4f3dbe99,"{""active_overlay_cap"":0.25,""active_regime"":""HIGH"",""active_return"":-0.0004718395183804791,""benchmark_nav"":103.34616345718847,""benchmark_return"":0.006791770399140695,""core_weight"":0.75,""cost_drag_return"":-0.0005420975040468182,""daily_return"":0.006319930880760216,""date"":""2026-09-24"",""dispersion"":0.10452420829471686,""executed_pending"":true,""gross_overlay_return"":7.025798566633913e-05,""high_dispersion_threshold"":0.08269004753512171,""market_snapshot_hash"":""060aa7b57a556152b92cb24420ccc6dfa412f31623f4d3de4016ecf39a427b1c"",""medium_dispersion_threshold"":0.07254911911267989,""nav"":103.191815598217,""pending_overlay_cap"":null,""pending_regime"":null,""pending_target"":null,""row_type"":""RECOVERED_AFTER_OUTAGE"",""satellite_weight"":0.25,""satellite_weights"":{""EEM"":0.08333333333333333,""EFA"":0.0,""IWM"":0.0,""SPY"":0.0,""VNQ"":0.0,""XLE"":0.08333333333333333,""XLF"":0.0,""XLI"":0.0,""XLK"":0.08333333333333333,""XLP"":0.0,""XLU"":0.0,""XLV"":0.0,""XLY"":0.0},""signal_generated"":false,""strategy"":""V4"",""strategy_hash"":""a4c08098b3eefbfc9651d779a27997e0a80ae6a482063c2ff37a63f6a39609ab"",""top_signal_scores"":{""EEM"":0.43945841766508337,""SPY"":0.4292025839881764,""XLE"":1.204673756039259,""XLK"":1.6487925687255742,""XLV"":0.8363489068369021},""transaction_cost_gbp"":0.05558870887600596,""turnover"":0.35893531173378573}"
2026-09-25,RM25,RECOVERED_AFTER_OUTAGE,103.993328641,104.214689908,0.0076824740748,0.00840405122047,-0.000721577145669,0.750537056933,0.249462943067,0,0,False,False,990a1e2f83e153e7dc51619c118195eba69a5cacef44d2503f768185b7eb8e0a,ddc403fa8f1e6e4a8f8056128f0f4d7b85b2369678a66284c4227ce484770e7e,eddf1af3a50c94ca9692c7866c27e329c1a30eea20c8daf063e77155c41105d7,56c934f261a3bcb157e804ab56710cba2049c61a6ccacf5e91471c2c8802f63e,"{""active_overlay_cap"":0.25,""active_regime"":""FIXED_25"",""active_return"":-0.0007215771456687836,""benchmark_nav"":104.21468990832194,""benchmark_return"":0.008404051220471942,""core_weight"":0.750537056933285,""cost_drag_return"":1.0061396160665481e-16,""daily_return"":0.007682474074803158,""date"":""2026-09-25"",""dispersion"":0.10982637207960488,""executed_pending"":false,""gross_overlay_return"":-0.0007215771456688842,""high_dispersion_threshold"":0.08279178530123664,""market_snapshot_hash"":""990a1e2f83e153e7dc51619c118195eba69a5cacef44d2503f768185b7eb8e0a"",""medium_dispersion_threshold"":0.07267446151241164,""nav"":103.99332864139885,""pending_overlay_cap"":null,""pending_regime"":null,""pending_target"":null,""row_type"":""RECOVERED_AFTER_OUTAGE"",""satellite_weight"":0.24946294306671496,""satellite_weights"":{""EEM"":0.0826660169633307,""EFA"":0.0,""IWM"":0.0,""SPY"":0.0,""VNQ"":0.0,""XLE"":0.08381340096201559,""XLF"":0.0,""XLI"":0.0,""XLK"":0.08298352514136867,""XLP"":0.0,""XLU"":0.0,""XLV"":0.0,""XLY"":0.0},""signal_generated"":false,""strategy"":""RM25"",""strategy_hash"":""ddc403fa8f1e6e4a8f8056128f0f4d7b85b2369678a66284c4227ce484770e7e"",""top_signal_scores"":{""EEM"":0.6105599199332111,""SPY"":0.4786091419338354,""XLE"":0.9893908830922334,""XLK"":1.7875073232665628,""XLV"":0.6674740572117241},""transaction_cost_gbp"":0.0,""turnover"":0.0}"
2026-09-25,V3,RECOVERED_AFTER_OUTAGE,103.991647855,104.214689908,0.00768082503421,0.00840405122047,-0.000723226186259,0.750538285166,0.249461714834,0,0,False,False,990a1e2f83e153e7dc51619c118195eba69a5cacef44d2503f768185b7eb8e0a,5328cecd88d1b39cc3c978a3c80834f8ba060199129cdff2f8b56e2b93fa1c05,98039111a01fd3139f479f685b5103b3835b20cd57865e1953a2c8f0cd31a03b,11f22d985549b2064a7be9bafe254574aa7d050ef6b8a1e3935568ded544124d,"{""active_overlay_cap"":0.25,""active_regime"":""FIXED_25"",""active_return"":-0.000723226186259307,""benchmark_nav"":104.21468990832194,""benchmark_return"":0.008404051220471942,""core_weight"":0.7505382851655196,""cost_drag_return"":2.7755575615628914e-17,""daily_return"":0.007680825034212635,""date"":""2026-09-25"",""dispersion"":0.10982637207960488,""executed_pending"":false,""gross_overlay_return"":-0.0007232261862593348,""high_dispersion_threshold"":0.08279178530123664,""market_snapshot_hash"":""990a1e2f83e153e7dc51619c118195eba69a5cacef44d2503f768185b7eb8e0a"",""medium_dispersion_threshold"":0.07267446151241164,""nav"":103.99164785510888,""pending_overlay_cap"":null,""pending_regime"":null,""pending_target"":null,""row_type"":""RECOVERED_AFTER_OUTAGE"",""satellite_weight"":0.24946171483448037,""satellite_weights"":{""EEM"":0.08277628883933613,""EFA"":0.0,""IWM"":0.0,""SPY"":0.0,""VNQ"":0.0,""XLE"":0.08392728301194607,""XLF"":0.0,""XLI"":0.0,""XLK"":0.08275814298319815,""XLP"":0.0,""XLU"":0.0,""XLV"":0.0,""XLY"":0.0},""signal_generated"":false,""strategy"":""V3"",""strategy_hash"":""5328cecd88d1b39cc3c978a3c80834f8ba060199129cdff2f8b56e2b93fa1c05"",""top_signal_scores"":{""EEM"":0.7131478832436804,""SPY"":0.6440525411960586,""XLE"":0.6574243042662316,""XLK"":1.9649565157536495,""XLV"":0.6383818730160955},""transaction_cost_gbp"":0.0,""turnover"":0.0}"
2026-09-25,V4,RECOVERED_AFTER_OUTAGE,103.987873906,104.214689908,0.00771435509233,0.00840405122047,-0.000689696128139,0.750513312223,0.249486687777,0,0,False,False,990a1e2f83e153e7dc51619c118195eba69a5cacef44d2503f768185b7eb8e0a,a4c08098b3eefbfc9651d779a27997e0a80ae6a482063c2ff37a63f6a39609ab,96d559b6a4ae4ea5ca53c41be45bf583e0019a86db4e0911ad66a51b4f3dbe99,be563b70581afd86d209fdbfcb6cd9f8528468f1192a08d8445cc044c6f255b3,"{""active_overlay_cap"":0.25,""active_regime"":""HIGH"",""active_return"":-0.0006896961281390723,""benchmark_nav"":104.21468990832194,""benchmark_return"":0.008404051220471942,""core_weight"":0.7505133122233402,""cost_drag_return"":-4.597017211338539e-17,""daily_return"":0.00771435509233287,""date"":""2026-09-25"",""dispersion"":0.10982637207960488,""executed_pending"":false,""gross_overlay_return"":-0.0006896961281390264,""high_dispersion_threshold"":0.08279178530123664,""market_snapshot_hash"":""990a1e2f83e153e7dc51619c118195eba69a5cacef44d2503f768185b7eb8e0a"",""medium_dispersion_threshold"":0.07267446151241164,""nav"":103.98787390636419,""pending_overlay_cap"":null,""pending_regime"":null,""pending_target"":null,""row_type"":""RECOVERED_AFTER_OUTAGE"",""satellite_weight"":0.24948668777665983,""satellite_weights"":{""EEM"":0.0837878654698527,""EFA"":0.0,""IWM"":0.0,""SPY"":0.0,""VNQ"":0.0,""XLE"":0.082146621504869,""XLF"":0.0,""XLI"":0.0,""XLK"":0.08355220080193812,""XLP"":0.0,""XLU"":0.0,""XLV"":0.0,""XLY"":0.0},""signal_generated"":false,""strategy"":""V4"",""strategy_hash"":""a4c08098b3eefbfc9651d779a27997e0a80ae6a482063c2ff37a63f6a39609ab"",""top_signal_scores"":{""EEM"":0.6105599199332111,""SPY"":0.4786091419338354,""XLE"":0.9893908830922334,""XLK"":1.7875073232665628,""XLV"":0.6674740572117241},""transaction_cost_gbp"":0.0,""turnover"":0.0}"
2026-09-28,RM25,RECOVERED_AFTER_OUTAGE,103.01819448,103.183470834,-0.00937689152381,-0.00989514122897,0.000518249705159,0.750144409513,0.249855590487,0,0,False,False,2615f1407defcbde236a90688a98fe205972a0a1711ed51874939f2f0ff61da5,ddc403fa8f1e6e4a8f8056128f0f4d7b85b2369678a66284c4227ce484770e7e,56c934f261a3bcb157e804ab56710cba2049c61a6ccacf5e91471c2c8802f63e,347b7acd388a8eda8f5f27797da4578853ec32f4baa386d08c89b59d71b72a2a,"{""active_overlay_cap"":0.25,""active_regime"":""FIXED_25"",""active_return"":0.0005182497051591239,""benchmark_nav"":103.18347083354547,""benchmark_return"":-0.009895141228972948,""core_weight"":0.7501444095125469,""cost_drag_return"":-3.469446951953614e-18,""daily_return"":-0.009376891523813824,""date"":""2026-09-28"",""dispersion"":0.1085986148234037,""executed_pending"":false,""gross_overlay_return"":0.0005182497051592384,""high_dispersion_threshold"":0.08289322788940068,""market_snapshot_hash"":""2615f1407defcbde236a90688a98fe205972a0a1711ed51874939f2f0ff61da5"",""medium_dispersion_threshold"":0.07294487957009896,""nav"":103.01819447952813,""pending_overlay_cap"":null,""pending_regime"":null,""pending_target"":null,""row_type"":""RECOVERED_AFTER_OUTAGE"",""satellite_weight"":0.2498555904874531,""satellite_weights"":{""EEM"":0.08237549834208863,""EFA"":0.0,""IWM"":0.0,""SPY"":0.0,""VNQ"":0.0,""XLE"":0.08456998004895262,""XLF"":0.0,""XLI"":0.0,""XLK"":0.08291011209641184,""XLP"":0.0,""XLU"":0.0,""XLV"":0.0,""XLY"":0.0},""signal_generated"":false,""strategy"":""RM25"",""strategy_hash"":""ddc403fa8f1e6e4a8f8056128f0f4d7b85b2369678a66284c4227ce484770e7e"",""top_signal_scores"":{""EEM"":0.5385748972716503,""SPY"":0.41837843452965084,""XLE"":1.0109311725636438,""XLK"":1.6567112664726285,""XLV"":0.8185500362064154},""transaction_cost_gbp"":0.0,""turnover"":0.0}"
2026-09-28,V3,RECOVERED_AFTER_OUTAGE,103.016615907,103.183470834,-0.0093760601753,-0.00989514122897,0.000519081053674,0.750145007567,0.249854992433,0,0,False,False,2615f1407defcbde236a90688a98fe205972a0a1711ed51874939f2f0ff61da5,5328cecd88d1b39cc3c978a3c80834f8ba060199129cdff2f8b56e2b93fa1c05,11f22d985549b2064a7be9bafe254574aa7d050ef6b8a1e3935568ded544124d,5bdecd05609aa463604417bfb9d93f8ba1e2231f83d4d0b0b4365f69c41efe76,"{""active_overlay_cap"":0.25,""active_regime"":""FIXED_25"",""active_return"":0.0005190810536744861,""benchmark_nav"":103.18347083354547,""benchmark_return"":-0.009895141228972948,""core_weight"":0.7501450075672055,""cost_drag_return"":5.204170427930421e-17,""daily_return"":-0.009376060175298462,""date"":""2026-09-28"",""dispersion"":0.1085986148234037,""executed_pending"":false,""gross_overlay_return"":0.0005190810536745451,""high_dispersion_threshold"":0.08289322788940068,""market_snapshot_hash"":""2615f1407defcbde236a90688a98fe205972a0a1711ed51874939f2f0ff61da5"",""medium_dispersion_threshold"":0.07294487957009896,""nav"":103.01661590709094,""pending_overlay_cap"":null,""pending_regime"":null,""pending_target"":null,""row_type"":""RECOVERED_AFTER_OUTAGE"",""satellite_weight"":0.24985499243279452,""satellite_weights"":{""EEM"":0.08248531345924567,""EFA"":0.0,""IWM"":0.0,""SPY"":0.0,""VNQ"":0.0,""XLE"":0.08468481903705084,""XLF"":0.0,""XLI"":0.0,""XLK"":0.08268485993649803,""XLP"":0.0,""XLU"":0.0,""XLV"":0.0,""XLY"":0.0},""signal_generated"":false,""strategy"":""V3"",""strategy_hash"":""5328cecd88d1b39cc3c978a3c80834f8ba060199129cdff2f8b56e2b93fa1c05"",""top_signal_scores"":{""EEM"":0.6172749972944446,""SPY"":0.6390118621962799,""XLE"":0.6399190984317866,""XLK"":1.856380571982342,""XLV"":0.7669420184245577},""transaction_cost_gbp"":0.0,""turnover"":0.0}"
2026-09-28,V4,RECOVERED_AFTER_OUTAGE,103.010784288,103.183470834,-0.00939618805282,-0.00989514122897,0.000498953176155,0.750135289247,0.249864710753,0,0,False,False,2615f1407defcbde236a90688a98fe205972a0a1711ed51874939f2f0ff61da5,a4c08098b3eefbfc9651d779a27997e0a80ae6a482063c2ff37a63f6a39609ab,be563b70581afd86d209fdbfcb6cd9f8528468f1192a08d8445cc044c6f255b3,7bd4884424f30fba2eead418d42f7f667bfcb35ed8f7179c571bb7eca720ed0b,"{""active_overlay_cap"":0.25,""active_regime"":""HIGH"",""active_return"":0.0004989531761548927,""benchmark_nav"":103.18347083354547,""benchmark_return"":-0.009895141228972948,""core_weight"":0.7501352892474904,""cost_drag_return"":6.591949208711867e-17,""daily_return"":-0.009396188052818055,""date"":""2026-09-28"",""dispersion"":0.1085986148234037,""executed_pending"":false,""gross_overlay_return"":0.0004989531761549378,""high_dispersion_threshold"":0.08289322788940068,""market_snapshot_hash"":""2615f1407defcbde236a90688a98fe205972a0a1711ed51874939f2f0ff61da5"",""medium_dispersion_threshold"":0.07294487957009896,""nav"":103.01078428792725,""pending_overlay_cap"":null,""pending_regime"":null,""pending_target"":null,""row_type"":""RECOVERED_AFTER_OUTAGE"",""satellite_weight"":0.2498647107525096,""satellite_weights"":{""EEM"":0.08349503067760639,""EFA"":0.0,""IWM"":0.0,""SPY"":0.0,""VNQ"":0.0,""XLE"":0.08288976928781043,""XLF"":0.0,""XLI"":0.0,""XLK"":0.0834799107870928,""XLP"":0.0,""XLU"":0.0,""XLV"":0.0,""XLY"":0.0},""signal_generated"":false,""strategy"":""V4"",""strategy_hash"":""a4c08098b3eefbfc9651d779a27997e0a80ae6a482063c2ff37a63f6a39609ab"",""top_signal_scores"":{""EEM"":0.5385748972716503,""SPY"":0.41837843452965084,""XLE"":1.0109311725636438,""XLK"":1.6567112664726285,""XLV"":0.8185500362064154},""transaction_cost_gbp"":0.0,""turnover"":0.0}"
2026-09-29,RM25,RECOVERED_AFTER_OUTAGE,102.662521545,102.846385307,-0.00345252541725,-0.00326685586147,-0.000185669555777,0.750284171022,0.249715828978,0,0,False,False,0e1e5a2f06d278f007983762b68c67467fdd65ffecbd3ccfac110870c6be2c3e,ddc403fa8f1e6e4a8f8056128f0f4d7b85b2369678a66284c4227ce484770e7e,347b7acd388a8eda8f5f27797da4578853ec32f4baa386d08c89b59d71b72a2a,e560e724f5bf2ea703fad6a24ca22f6bee28efb104630d2566a40541ffc737b8,"{""active_overlay_cap"":0.25,""active_regime"":""FIXED_25"",""active_return"":-0.00018566955577714594,""benchmark_nav"":102.84638530704629,""benchmark_return"":-0.003266855861468021,""core_weight"":0.7502841710219935,""cost_drag_return"":-3.382710778154774e-17,""daily_return"":-0.003452525417245167,""date"":""2026-09-29"",""dispersion"":0.10603706865014954,""executed_pending"":false,""gross_overlay_return"":-0.00018566955577711212,""high_dispersion_threshold"":0.08295830302518326,""market_snapshot_hash"":""0e1e5a2f06d278f007983762b68c67467fdd65ffecbd3ccfac110870c6be2c3e"",""medium_dispersion_threshold"":0.0731777738811129,""nav"":102.66252154464885,""pending_overlay_cap"":null,""pending_regime"":null,""pending_target"":null,""row_type"":""RECOVERED_AFTER_OUTAGE"",""satellite_weight"":0.2497158289780065,""satellite_weights"":{""EEM"":0.0827500645146761,""EFA"":0.0,""IWM"":0.0,""SPY"":0.0,""VNQ"":0.0,""XLE"":0.08393860940675632,""XLF"":0.0,""XLI"":0.0,""XLK"":0.08302715505657408,""XLP"":0.0,""XLU"":0.0,""XLV"":0.0,""XLY"":0.0},""signal_generated"":false,""strategy"":""RM25"",""strategy_hash"":""ddc403fa8f1e6e4a8f8056128f0f4d7b85b2369678a66284c4227ce484770e7e"",""top_signal_scores"":{""EEM"":0.5474032440749846,""SPY"":0.3817622546501918,""XLE"":1.0290058031591924,""XLK"":1.5839672617399543,""XLV"":0.8454495510272642},""transaction_cost_gbp"":0.0,""turnover"":0.0}"
2026-09-29,V3,RECOVERED_AFTER_OUTAGE,102.660879035,102.846385307,-0.00345319897042,-0.00326685586147,-0.000186343108953,0.750285276296,0.249714723704,0,0,False,False,0e1e5a2f06d278f007983762b68c67467fdd65ffecbd3ccfac110870c6be2c3e,5328cecd88d1b39cc3c978a3c80834f8ba060199129cdff2f8b56e2b93fa1c05,5bdecd05609aa463604417bfb9d93f8ba1e2231f83d4d0b0b4365f69c41efe76,925365e5db7b6f9a949537287a68be21c3de9fcd4552a76144b08503460cd1b9,"{""active_overlay_cap"":0.25,""active_regime"":""FIXED_25"",""active_return"":-0.00018634310895315753,""benchmark_nav"":102.84638530704629,""benchmark_return"":-0.003266855861468021,""core_weight"":0.7502852762959108,""cost_drag_return"":5.2909066017292616e-17,""daily_return"":-0.0034531989704211785,""date"":""2026-09-29"",""dispersion"":0.10603706865014954,""executed_pending"":false,""gross_overlay_return"":-0.00018634310895321044,""high_dispersion_threshold"":0.08295830302518326,""market_snapshot_hash"":""0e1e5a2f06d278f007983762b68c67467fdd65ffecbd3ccfac110870c6be2c3e"",""medium_dispersion_threshold"":0.0731777738811129,""nav"":102.6608790351043,""pending_overlay_cap"":null,""pending_regime"":null,""pending_target"":null,""row_type"":""RECOVERED_AFTER_OUTAGE"",""satellite_weight"":0.24971472370408918,""satellite_weights"":{""EEM"":0.08286043497181056,""EFA"":0.0,""IWM"":0.0,""SPY"":0.0,""VNQ"":0.0,""XLE"":0.08405264785618269,""XLF"":0.0,""XLI"":0.0,""XLK"":0.08280164087609594,""XLP"":0.0,""XLU"":0.0,""XLV"":0.0,""XLY"":0.0},""signal_generated"":false,""strategy"":""V3"",""strategy_hash"":""5328cecd88d1b39cc3c978a3c80834f8ba060199129cdff2f8b56e2b93fa1c05"",""top_signal_scores"":{""EEM"":0.6397378810584264,""SPY"":0.6026106942379212,""XLE"":0.652299997897583,""XLK"":1.825731351001222,""XLV"":0.7608936702444297},""transaction_cost_gbp"":0.0,""turnover"":0.0}"
2026-09-29,V4,RECOVERED_AFTER_OUTAGE,102.657029604,102.846385307,-0.0034341519356,-0.00326685586147,-0.000167296074132,0.750261216389,0.249738783611,0,0,False,False,0e1e5a2f06d278f007983762b68c67467fdd65ffecbd3ccfac110870c6be2c3e,a4c08098b3eefbfc9651d779a27997e0a80ae6a482063c2ff37a63f6a39609ab,7bd4884424f30fba2eead418d42f7f667bfcb35ed8f7179c571bb7eca720ed0b,f09ce696ae64f181acaad56309ff57eb12844fbd647ede5d3eb30a46aa0ba611,"{""active_overlay_cap"":0.25,""active_regime"":""HIGH"",""active_return"":-0.00016729607413168424,""benchmark_nav"":102.84638530704629,""benchmark_return"":-0.003266855861468021,""core_weight"":0.7502612163893871,""cost_drag_return"":-1.9081958235744878e-17,""daily_return"":-0.0034341519355997052,""date"":""2026-09-29"",""dispersion"":0.10603706865014954,""executed_pending"":false,""gross_overlay_return"":-0.00016729607413166515,""high_dispersion_threshold"":0.08295830302518326,""market_snapshot_hash"":""0e1e5a2f06d278f007983762b68c67467fdd65ffecbd3ccfac110870c6be2c3e"",""medium_dispersion_threshold"":0.0731777738811129,""nav"":102.65702960367722,""pending_overlay_cap"":null,""pending_regime"":null,""pending_target"":null,""row_type"":""RECOVERED_AFTER_OUTAGE"",""satellite_weight"":0.2497387836106128,""satellite_weights"":{""EEM"":0.08387314104817292,""EFA"":0.0,""IWM"":0.0,""SPY"":0.0,""VNQ"":0.0,""XLE"":0.08226942571377653,""XLF"":0.0,""XLI"":0.0,""XLK"":0.08359621684866336,""XLP"":0.0,""XLU"":0.0,""XLV"":0.0,""XLY"":0.0},""signal_generated"":false,""strategy"":""V4"",""strategy_hash"":""a4c08098b3eefbfc9651d779a27997e0a80ae6a482063c2ff37a63f6a39609ab"",""top_signal_scores"":{""EEM"":0.5474032440749846,""SPY"":0.3817622546501918,""XLE"":1.0290058031591924,""XLK"":1.5839672617399543,""XLV"":0.8454495510272642},""transaction_cost_gbp"":0.0,""turnover"":0.0}"
2026-09-30,RM25,RECOVERED_AFTER_OUTAGE,102.468294401,102.568301138,-0.00189189921713,-0.00270387887562,0.000811979658492,0.749673800778,0.250326199222,0,0,False,False,75eb0400427e9b22d02b0cff8b837446856ec50d9e403077feefbb4a0c8b7e9d,ddc403fa8f1e6e4a8f8056128f0f4d7b85b2369678a66284c4227ce484770e7e,e560e724f5bf2ea703fad6a24ca22f6bee28efb104630d2566a40541ffc737b8,329cf66ba1cd2a42972dbcfee37ef82800780e231b1f59961a292a000eb64a60,"{""active_overlay_cap"":0.25,""active_regime"":""FIXED_25"",""active_return"":0.0008119796584917793,""benchmark_nav"":102.568301138381,""benchmark_return"":-0.0027038788756169607,""core_weight"":0.7496738007780486,""cost_drag_return"":5.724587470723463e-17,""daily_return"":-0.0018918992171251814,""date"":""2026-09-30"",""dispersion"":0.10854141873433468,""executed_pending"":false,""gross_overlay_return"":0.0008119796584917221,""high_dispersion_threshold"":0.08312294264544101,""market_snapshot_hash"":""75eb0400427e9b22d02b0cff8b837446856ec50d9e403077feefbb4a0c8b7e9d"",""medium_dispersion_threshold"":0.0733366876294275,""nav"":102.46829440051043,""pending_overlay_cap"":null,""pending_regime"":null,""pending_target"":null,""row_type"":""RECOVERED_AFTER_OUTAGE"",""satellite_weight"":0.2503261992219514,""satellite_weights"":{""EEM"":0.08229051024068439,""EFA"":0.0,""IWM"":0.0,""SPY"":0.0,""VNQ"":0.0,""XLE"":0.08418006534826346,""XLF"":0.0,""XLI"":0.0,""XLK"":0.08385562363300353,""XLP"":0.0,""XLU"":0.0,""XLV"":0.0,""XLY"":0.0},""signal_generated"":false,""strategy"":""RM25"",""strategy_hash"":""ddc403fa8f1e6e4a8f8056128f0f4d7b85b2369678a66284c4227ce484770e7e"",""top_signal_scores"":{""EEM"":0.5723670022160804,""SPY"":0.3988048355959552,""XLE"":1.182482615525761,""XLK"":1.779897700086213,""XLV"":0.717476072164788},""transaction_cost_gbp"":0.0,""turnover"":0.0}"
2026-09-30,V3,RECOVERED_AFTER_OUTAGE,102.466395138,102.568301138,-0.00189443046724,-0.00270387887562,0.000809448408372,0.749676806369,0.250323193631,0,0,False,False,75eb0400427e9b22d02b0cff8b837446856ec50d9e403077feefbb4a0c8b7e9d,5328cecd88d1b39cc3c978a3c80834f8ba060199129cdff2f8b56e2b93fa1c05,925365e5db7b6f9a949537287a68be21c3de9fcd4552a76144b08503460cd1b9,46a42600961d95728a24550ad6f232b7155721a7645f1c21dac8659228edcb9f,"{""active_overlay_cap"":0.25,""active_regime"":""FIXED_25"",""active_return"":0.0008094484083722708,""benchmark_nav"":102.568301138381,""benchmark_return"":-0.0027038788756169607,""core_weight"":0.7496768063692205,""cost_drag_return"":3.382710778154774e-17,""daily_return"":-0.0018944304672446899,""date"":""2026-09-30"",""dispersion"":0.10854141873433468,""executed_pending"":false,""gross_overlay_return"":0.000809448408372237,""high_dispersion_threshold"":0.08312294264544101,""market_snapshot_hash"":""75eb0400427e9b22d02b0cff8b837446856ec50d9e403077feefbb4a0c8b7e9d"",""medium_dispersion_threshold"":0.0733366876294275,""nav"":102.46639513806608,""pending_overlay_cap"":null,""pending_regime"":null,""pending_target"":null,""row_type"":""RECOVERED_AFTER_OUTAGE"",""satellite_weight"":0.25032319363077954,""satellite_weights"":{""EEM"":0.08240047672466642,""EFA"":0.0,""IWM"":0.0,""SPY"":0.0,""VNQ"":0.0,""XLE"":0.08429464561343637,""XLF"":0.0,""XLI"":0.0,""XLK"":0.08362807129267676,""XLP"":0.0,""XLU"":0.0,""XLV"":0.0,""XLY"":0.0},""signal_generated"":false,""strategy"":""V3"",""strategy_hash"":""5328cecd88d1b39cc3c978a3c80834f8ba060199129cdff2f8b56e2b93fa1c05"",""top_signal_scores"":{""EEM"":0.62252505915412,""SPY"":0.6542947765292022,""XLE"":0.809001550508957,""XLK"":1.961766744722523,""XLV"":0.6682058883837577},""transaction_cost_gbp"":0.0,""turnover"":0.0}"
2026-09-30,V4,RECOVERED_AFTER_OUTAGE,102.462265531,102.568301138,-0.00189723074341,-0.00270387887562,0.000806648132209,0.7496548692,0.2503451308,0,0,False,False,75eb0400427e9b22d02b0cff8b837446856ec50d9e403077feefbb4a0c8b7e9d,a4c08098b3eefbfc9651d779a27997e0a80ae6a482063c2ff37a63f6a39609ab,f09ce696ae64f181acaad56309ff57eb12844fbd647ede5d3eb30a46aa0ba611,083e6293b7b20de2b3c71baaebf128fa0a29faee01c5ab60c991dc589feca49f,"{""active_overlay_cap"":0.25,""active_regime"":""HIGH"",""active_return"":0.0008066481322092089,""benchmark_nav"":102.568301138381,""benchmark_return"":-0.0027038788756169607,""core_weight"":0.7496548691999888,""cost_drag_return"":6.5052130349130266e-18,""daily_return"":-0.0018972307434077518,""date"":""2026-09-30"",""dispersion"":0.10854141873433468,""executed_pending"":false,""gross_overlay_return"":0.0008066481322092024,""high_dispersion_threshold"":0.08312294264544101,""market_snapshot_hash"":""75eb0400427e9b22d02b0cff8b837446856ec50d9e403077feefbb4a0c8b7e9d"",""medium_dispersion_threshold"":0.0733366876294275,""nav"":102.4622655310862,""pending_overlay_cap"":null,""pending_regime"":null,""pending_target"":null,""row_type"":""RECOVERED_AFTER_OUTAGE"",""satellite_weight"":0.2503451308000112,""satellite_weights"":{""EEM"":0.08340779527810674,""EFA"":0.0,""IWM"":0.0,""SPY"":0.0,""VNQ"":0.0,""XLE"":0.08250652083798711,""XLF"":0.0,""XLI"":0.0,""XLK"":0.08443081468391737,""XLP"":0.0,""XLU"":0.0,""XLV"":0.0,""XLY"":0.0},""signal_generated"":false,""strategy"":""V4"",""strategy_hash"":""a4c08098b3eefbfc9651d779a27997e0a80ae6a482063c2ff37a63f6a39609ab"",""top_signal_scores"":{""EEM"":0.5723670022160804,""SPY"":0.3988048355959552,""XLE"":1.182482615525761,""XLK"":1.779897700086213,""XLV"":0.717476072164788},""transaction_cost_gbp"":0.0,""turnover"":0.0}"
2026-10-01,RM25,FORWARD,102.470373843,102.304653514,2.02935239608e-05,-0.00257045911488,0.00259075263884,0.747731620814,0.252268379186,0,0,False,False,6c2b09c5b4c5d60634066e0c989d30f1a082639a1d8f62b81a1eaad083c8c4df,ddc403fa8f1e6e4a8f8056128f0f4d7b85b2369678a66284c4227ce484770e7e,329cf66ba1cd2a42972dbcfee37ef82800780e231b1f59961a292a000eb64a60,2649d98b50a1c3a9ef92e93a5815a5655ede878eead1633364cad6877c64c6b3,"{""active_overlay_cap"":0.25,""active_regime"":""FIXED_25"",""active_return"":0.0025907526388442292,""benchmark_nav"":102.30465351382175,""benchmark_return"":-0.0025704591148834055,""core_weight"":0.7477316208140863,""cost_drag_return"":8.738669510233166e-17,""daily_return"":2.0293523960823734e-05,""date"":""2026-10-01"",""dispersion"":0.11449613241640841,""executed_pending"":false,""gross_overlay_return"":0.0025907526388441416,""high_dispersion_threshold"":0.08331743540138904,""market_snapshot_hash"":""6c2b09c5b4c5d60634066e0c989d30f1a082639a1d8f62b81a1eaad083c8c4df"",""medium_dispersion_threshold"":0.07354625184819522,""nav"":102.47037384329808,""pending_overlay_cap"":null,""pending_regime"":null,""pending_target"":null,""row_type"":""FORWARD"",""satellite_weight"":0.25226837918591377,""satellite_weights"":{""EEM"":0.08211740947616795,""EFA"":0.0,""IWM"":0.0,""SPY"":0.0,""VNQ"":0.0,""XLE"":0.08561644041465061,""XLF"":0.0,""XLI"":0.0,""XLK"":0.0845345292950952,""XLP"":0.0,""XLU"":0.0,""XLV"":0.0,""XLY"":0.0},""signal_generated"":false,""strategy"":""RM25"",""strategy_hash"":""ddc403fa8f1e6e4a8f8056128f0f4d7b85b2369678a66284c4227ce484770e7e"",""top_signal_scores"":{""EEM"":0.6058081857003904,""SPY"":0.4037461350693605,""XLE"":1.4181979364240789,""XLK"":1.95557971573962,""XLV"":0.3874924369600623},""transaction_cost_gbp"":0.0,""turnover"":0.0}"
2026-10-01,V3,FORWARD,102.468461601,102.304653514,2.01672219149e-05,-0.00257045911488,0.0025906263368,0.747734713057,0.252265286943,0,0,False,False,6c2b09c5b4c5d60634066e0c989d30f1a082639a1d8f62b81a1eaad083c8c4df,5328cecd88d1b39cc3c978a3c80834f8ba060199129cdff2f8b56e2b93fa1c05,46a42600961d95728a24550ad6f232b7155721a7645f1c21dac8659228edcb9f,8606d25ad5f52f7b5416765b50bae33dbcf60f3da0ef212eddcbaf9847bd9dba,"{""active_overlay_cap"":0.25,""active_regime"":""FIXED_25"",""active_return"":0.0025906263367982962,""benchmark_nav"":102.30465351382175,""benchmark_return"":-0.0025704591148834055,""core_weight"":0.7477347130571803,""cost_drag_return"":-1.3227266504323154e-17,""daily_return"":2.016722191489073e-05,""date"":""2026-10-01"",""dispersion"":0.11449613241640841,""executed_pending"":false,""gross_overlay_return"":0.0025906263367983092,""high_dispersion_threshold"":0.08331743540138904,""market_snapshot_hash"":""6c2b09c5b4c5d60634066e0c989d30f1a082639a1d8f62b81a1eaad083c8c4df"",""medium_dispersion_threshold"":0.07354625184819522,""nav"":102.46846160059565,""pending_overlay_cap"":null,""pending_regime"":null,""pending_target"":null,""row_type"":""FORWARD"",""satellite_weight"":0.2522652869428197,""satellite_weights"":{""EEM"":0.0822271550273218,""EFA"":0.0,""IWM"":0.0,""SPY"":0.0,""VNQ"":0.0,""XLE"":0.0857329866053635,""XLF"":0.0,""XLI"":0.0,""XLK"":0.0843051453101344,""XLP"":0.0,""XLU"":0.0,""XLV"":0.0,""XLY"":0.0},""signal_generated"":false,""strategy"":""V3"",""strategy_hash"":""5328cecd88d1b39cc3c978a3c80834f8ba060199129cdff2f8b56e2b93fa1c05"",""top_signal_scores"":{""EEM"":0.6334631986040076,""SPY"":0.6739956008700332,""XLE"":1.0536518081528181,""XLK"":2.060093987203457,""XLV"":0.3984104317044832},""transaction_cost_gbp"":0.0,""turnover"":0.0}"
2026-10-01,V4,FORWARD,102.461660257,102.304653514,-5.90728904681e-06,-0.00257045911488,0.00256455182584,0.747732329079,0.252267670921,0,0,False,False,6c2b09c5b4c5d60634066e0c989d30f1a082639a1d8f62b81a1eaad083c8c4df,a4c08098b3eefbfc9651d779a27997e0a80ae6a482063c2ff37a63f6a39609ab,083e6293b7b20de2b3c71baaebf128fa0a29faee01c5ab60c991dc589feca49f,aa7b19741a764ae2a395fbc771b1f311f3d7868385128aa9e2010d6b165c9683,"{""active_overlay_cap"":0.25,""active_regime"":""HIGH"",""active_return"":0.002564551825836592,""benchmark_nav"":102.30465351382175,""benchmark_return"":-0.0025704591148834055,""core_weight"":0.7477323290794344,""cost_drag_return"":-4.553649124439119e-18,""daily_return"":-5.907289046813702e-06,""date"":""2026-10-01"",""dispersion"":0.11449613241640841,""executed_pending"":false,""gross_overlay_return"":0.002564551825836596,""high_dispersion_threshold"":0.08331743540138904,""market_snapshot_hash"":""6c2b09c5b4c5d60634066e0c989d30f1a082639a1d8f62b81a1eaad083c8c4df"",""medium_dispersion_threshold"":0.07354625184819522,""nav"":102.46166025686732,""pending_overlay_cap"":null,""pending_regime"":null,""pending_target"":null,""row_type"":""FORWARD"",""satellite_weight"":0.25226767092056557,""satellite_weights"":{""EEM"":0.0832345250361489,""EFA"":0.0,""IWM"":0.0,""SPY"":0.0,""VNQ"":0.0,""XLE"":0.0839165386403552,""XLF"":0.0,""XLI"":0.0,""XLK"":0.08511660724406145,""XLP"":0.0,""XLU"":0.0,""XLV"":0.0,""XLY"":0.0},""signal_generated"":false,""strategy"":""V4"",""strategy_hash"":""a4c08098b3eefbfc9651d779a27997e0a80ae6a482063c2ff37a63f6a39609ab"",""top_signal_scores"":{""EEM"":0.6058081857003904,""SPY"":0.4037461350693605,""XLE"":1.4181979364240789,""XLK"":1.95557971573962,""XLV"":0.3874924369600623},""transaction_cost_gbp"":0.0,""turnover"":0.0}"
2026-10-02,RM25,FORWARD,103.521089915,103.360823049,0.0102538522367,0.0103237682626,-6.99160259001e-05,0.747783368623,0.252216631377,0,0,False,False,73cb7f91c36104ee64d06c431c9bc3d45b2c7a9beb5edd2eeb2280771a9a71b5,ddc403fa8f1e6e4a8f8056128f0f4d7b85b2369678a66284c4227ce484770e7e,2649d98b50a1c3a9ef92e93a5815a5655ede878eead1633364cad6877c64c6b3,c6dfa7bb0a6d554a20c9acaba1c92e82ef3b3a49bcf2ab3bf0eb6095cddc4022,"{""active_overlay_cap"":0.25,""active_regime"":""FIXED_25"",""active_return"":-6.991602590011858e-05,""benchmark_nav"":103.36082304888438,""benchmark_return"":0.010323768262603394,""core_weight"":0.7477833686230666,""cost_drag_return"":-2.0816681711721685e-17,""daily_return"":0.010253852236703276,""date"":""2026-10-02"",""dispersion"":0.113466773562161,""executed_pending"":false,""gross_overlay_return"":-6.991602590009777e-05,""high_dispersion_threshold"":0.08359953468053351,""market_snapshot_hash"":""73cb7f91c36104ee64d06c431c9bc3d45b2c7a9beb5edd2eeb2280771a9a71b5"",""medium_dispersion_threshold"":0.07366350533835592,""nav"":103.521089915327,""pending_overlay_cap"":null,""pending_regime"":null,""pending_target"":null,""row_type"":""FORWARD"",""satellite_weight"":0.25221663137693345,""satellite_weights"":{""EEM"":0.08247877470249589,""EFA"":0.0,""IWM"":0.0,""SPY"":0.0,""VNQ"":0.0,""XLE"":0.0850628251699781,""XLF"":0.0,""XLI"":0.0,""XLK"":0.08467503150445947,""XLP"":0.0,""XLU"":0.0,""XLV"":0.0,""XLY"":0.0},""signal_generated"":false,""strategy"":""RM25"",""strategy_hash"":""ddc403fa8f1e6e4a8f8056128f0f4d7b85b2369678a66284c4227ce484770e7e"",""top_signal_scores"":{""EEM"":0.5993489248126832,""SPY"":0.40198678952339223,""XLE"":1.4352660900295866,""XLK"":1.9139939857539445,""XLV"":0.3504111427405263},""transaction_cost_gbp"":0.0,""turnover"":0.0}"
2026-10-02,V3,FORWARD,103.519090601,103.360823049,0.0102531938476,0.0103237682626,-7.05744149678e-05,0.747786948418,0.252213051582,0,0,False,False,73cb7f91c36104ee64d06c431c9bc3d45b2c7a9beb5edd2eeb2280771a9a71b5,5328cecd88d1b39cc3c978a3c80834f8ba060199129cdff2f8b56e2b93fa1c05,8606d25ad5f52f7b5416765b50bae33dbcf60f3da0ef212eddcbaf9847bd9dba,ea85e72b8163dcd4edd97ef2d2cac3c6f1540491a3c96ce119c92256a6e8676f,"{""active_overlay_cap"":0.25,""active_regime"":""FIXED_25"",""active_return"":-7.057441496782779e-05,""benchmark_nav"":103.36082304888438,""benchmark_return"":0.010323768262603394,""core_weight"":0.7477869484178271,""cost_drag_return"":7.806255641895632e-17,""daily_return"":0.010253193847635567,""date"":""2026-10-02"",""dispersion"":0.113466773562161,""executed_pending"":false,""gross_overlay_return"":-7.057441496790585e-05,""high_dispersion_threshold"":0.08359953468053351,""market_snapshot_hash"":""73cb7f91c36104ee64d06c431c9bc3d45b2c7a9beb5edd2eeb2280771a9a71b5"",""medium_dispersion_threshold"":0.07366350533835592,""nav"":103.51909060065556,""pending_overlay_cap"":null,""pending_regime"":null,""pending_target"":null,""row_type"":""FORWARD"",""satellite_weight"":0.2522130515821729,""satellite_weights"":{""EEM"":0.08258905702288968,""EFA"":0.0,""IWM"":0.0,""SPY"":0.0,""VNQ"":0.0,""XLE"":0.08517867325819435,""XLF"":0.0,""XLI"":0.0,""XLK"":0.08444532130108885,""XLP"":0.0,""XLU"":0.0,""XLV"":0.0,""XLY"":0.0},""signal_generated"":false,""strategy"":""V3"",""strategy_hash"":""5328cecd88d1b39cc3c978a3c80834f8ba060199129cdff2f8b56e2b93fa1c05"",""top_signal_scores"":{""EEM"":0.6796547221658724,""SPY"":0.653228108821464,""XLE"":1.0580214929067717,""XLK"":2.040188927781586,""XLV"":0.37647396378068865},""transaction_cost_gbp"":0.0,""turnover"":0.0}"
2026-10-02,V4,FORWARD,103.514033795,103.360823049,0.0102709006963,0.0103237682626,-5.28675663358e-05,0.747771457979,0.252228542021,0,0,False,False,73cb7f91c36104ee64d06c431c9bc3d45b2c7a9beb5edd2eeb2280771a9a71b5,a4c08098b3eefbfc9651d779a27997e0a80ae6a482063c2ff37a63f6a39609ab,aa7b19741a764ae2a395fbc771b1f311f3d7868385128aa9e2010d6b165c9683,b34af49e317ae57313168434ae3cf1425687f890b1a18f60071919f9541d0da1,"{""active_overlay_cap"":0.25,""active_regime"":""HIGH"",""active_return"":-5.286756633582357e-05,""benchmark_nav"":103.36082304888438,""benchmark_return"":0.010323768262603394,""core_weight"":0.7477714579789028,""cost_drag_return"":2.7755575615628914e-17,""daily_return"":0.01027090069626757,""date"":""2026-10-02"",""dispersion"":0.113466773562161,""executed_pending"":false,""gross_overlay_return"":-5.2867566335851324e-05,""high_dispersion_threshold"":0.08359953468053351,""market_snapshot_hash"":""73cb7f91c36104ee64d06c431c9bc3d45b2c7a9beb5edd2eeb2280771a9a71b5"",""medium_dispersion_threshold"":0.07366350533835592,""nav"":103.51403379454031,""pending_overlay_cap"":null,""pending_regime"":null,""pending_target"":null,""row_type"":""FORWARD"",""satellite_weight"":0.25222854202109724,""satellite_weights"":{""EEM"":0.0835993954573902,""EFA"":0.0,""IWM"":0.0,""SPY"":0.0,""VNQ"":0.0,""XLE"":0.08337250839834745,""XLF"":0.0,""XLI"":0.0,""XLK"":0.08525663816535961,""XLP"":0.0,""XLU"":0.0,""XLV"":0.0,""XLY"":0.0},""signal_generated"":false,""strategy"":""V4"",""strategy_hash"":""a4c08098b3eefbfc9651d779a27997e0a80ae6a482063c2ff37a63f6a39609ab"",""top_signal_scores"":{""EEM"":0.5993489248126832,""SPY"":0.40198678952339223,""XLE"":1.4352660900295866,""XLK"":1.9139939857539445,""XLV"":0.3504111427405263},""transaction_cost_gbp"":0.0,""turnover"":0.0}"
2026-10-05,RM25,FORWARD,103.944117228,103.678865946,0.00408638773877,0.00307701591162,0.00100937182715,0.747031648976,0.252968351024,0,0,False,False,8ab437a147d0d90a1b95d306634e423405f7b89aa37a0d33a97240058efda6b9,ddc403fa8f1e6e4a8f8056128f0f4d7b85b2369678a66284c4227ce484770e7e,c6dfa7bb0a6d554a20c9acaba1c92e82ef3b3a49bcf2ab3bf0eb6095cddc4022,1287cd52a9759b03e3721481c647540e3acc2aa05f2d0eb05f2d78d03fa42dd7,"{""active_overlay_cap"":0.25,""active_regime"":""FIXED_25"",""active_return"":0.0010093718271522167,""benchmark_nav"":103.6788659460439,""benchmark_return"":0.003077015911619574,""core_weight"":0.7470316489759146,""cost_drag_return"":-1.214306433183765e-17,""daily_return"":0.004086387738771791,""date"":""2026-10-05"",""dispersion"":0.1168349455888535,""executed_pending"":false,""gross_overlay_return"":0.0010093718271522289,""high_dispersion_threshold"":0.08368210415083621,""market_snapshot_hash"":""8ab437a147d0d90a1b95d306634e423405f7b89aa37a0d33a97240058efda6b9"",""medium_dispersion_threshold"":0.0736937096842039,""nav"":103.94411722786128,""pending_overlay_cap"":null,""pending_regime"":null,""pending_target"":null,""row_type"":""FORWARD"",""satellite_weight"":0.25296835102408544,""satellite_weights"":{""EEM"":0.08315670951406808,""EFA"":0.0,""IWM"":0.0,""SPY"":0.0,""VNQ"":0.0,""XLE"":0.08528612835698778,""XLF"":0.0,""XLI"":0.0,""XLK"":0.0845255131530296,""XLP"":0.0,""XLU"":0.0,""XLV"":0.0,""XLY"":0.0},""signal_generated"":false,""strategy"":""RM25"",""strategy_hash"":""ddc403fa8f1e6e4a8f8056128f0f4d7b85b2369678a66284c4227ce484770e7e"",""top_signal_scores"":{""EEM"":0.7774247859937123,""SPY"":0.4186158637642299,""XLE"":1.345835205285752,""XLK"":1.9832883251923785,""XLV"":0.3149793025172756},""transaction_cost_gbp"":0.0,""turnover"":0.0}"
2026-10-05,V3,FORWARD,103.942277361,103.678865946,0.00408800693546,0.00307701591162,0.00101099102384,0.7470340205,0.2529659795,0,0,False,False,8ab437a147d0d90a1b95d306634e423405f7b89aa37a0d33a97240058efda6b9,5328cecd88d1b39cc3c978a3c80834f8ba060199129cdff2f8b56e2b93fa1c05,ea85e72b8163dcd4edd97ef2d2cac3c6f1540491a3c96ce119c92256a6e8676f,68a0b0050c25e3a9339bf6271a3e0c5eb8c704dc56b8808098e09a8d837d093e,"{""active_overlay_cap"":0.25,""active_regime"":""FIXED_25"",""active_return"":0.0010109910238427222,""benchmark_nav"":103.6788659460439,""benchmark_return"":0.003077015911619574,""core_weight"":0.7470340204997807,""cost_drag_return"":-6.158268339717665e-17,""daily_return"":0.004088006935462296,""date"":""2026-10-05"",""dispersion"":0.1168349455888535,""executed_pending"":false,""gross_overlay_return"":0.0010109910238427838,""high_dispersion_threshold"":0.08368210415083621,""market_snapshot_hash"":""8ab437a147d0d90a1b95d306634e423405f7b89aa37a0d33a97240058efda6b9"",""medium_dispersion_threshold"":0.0736937096842039,""nav"":103.9422773609838,""pending_overlay_cap"":null,""pending_regime"":null,""pending_target"":null,""row_type"":""FORWARD"",""satellite_weight"":0.25296597950021926,""satellite_weights"":{""EEM"":0.08326776402251829,""EFA"":0.0,""IWM"":0.0,""SPY"":0.0,""VNQ"":0.0,""XLE"":0.08540214284442008,""XLF"":0.0,""XLI"":0.0,""XLK"":0.08429607263328087,""XLP"":0.0,""XLU"":0.0,""XLV"":0.0,""XLY"":0.0},""signal_generated"":false,""strategy"":""V3"",""strategy_hash"":""5328cecd88d1b39cc3c978a3c80834f8ba060199129cdff2f8b56e2b93fa1c05"",""top_signal_scores"":{""EEM"":0.814625959888309,""SPY"":0.6677642265709905,""XLE"":0.9994657055735986,""XLK"":2.074003367802083,""XLV"":0.37072023017717737},""transaction_cost_gbp"":0.0,""turnover"":0.0}"
2026-10-05,V4,FORWARD,103.937422929,103.678865946,0.00409016167988,0.00307701591162,0.00101314576826,0.747016942581,0.252983057419,0,0,False,False,8ab437a147d0d90a1b95d306634e423405f7b89aa37a0d33a97240058efda6b9,a4c08098b3eefbfc9651d779a27997e0a80ae6a482063c2ff37a63f6a39609ab,b34af49e317ae57313168434ae3cf1425687f890b1a18f60071919f9541d0da1,10069a0a2ee6f466b0ff06465e24fb152bcde7dbdc1cabf7144b599d91fc3769,"{""active_overlay_cap"":0.25,""active_regime"":""HIGH"",""active_return"":0.0010131457682638345,""benchmark_nav"":103.6788659460439,""benchmark_return"":0.003077015911619574,""core_weight"":0.7470169425805919,""cost_drag_return"":-1.3877787807814457e-17,""daily_return"":0.004090161679883408,""date"":""2026-10-05"",""dispersion"":0.1168349455888535,""executed_pending"":false,""gross_overlay_return"":0.0010131457682638484,""high_dispersion_threshold"":0.08368210415083621,""market_snapshot_hash"":""8ab437a147d0d90a1b95d306634e423405f7b89aa37a0d33a97240058efda6b9"",""medium_dispersion_threshold"":0.0736937096842039,""nav"":103.9374229288969,""pending_overlay_cap"":null,""pending_regime"":null,""pending_target"":null,""row_type"":""FORWARD"",""satellite_weight"":0.252983057419408,""satellite_weights"":{""EEM"":0.08428622442166847,""EFA"":0.0,""IWM"":0.0,""SPY"":0.0,""VNQ"":0.0,""XLE"":0.08359106005625853,""XLF"":0.0,""XLI"":0.0,""XLK"":0.08510577294148101,""XLP"":0.0,""XLU"":0.0,""XLV"":0.0,""XLY"":0.0},""signal_generated"":false,""strategy"":""V4"",""strategy_hash"":""a4c08098b3eefbfc9651d779a27997e0a80ae6a482063c2ff37a63f6a39609ab"",""top_signal_scores"":{""EEM"":0.7774247859937123,""SPY"":0.4186158637642299,""XLE"":1.345835205285752,""XLK"":1.9832883251923785,""XLV"":0.3149793025172756},""transaction_cost_gbp"":0.0,""turnover"":0.0}"
2026-10-06,RM25,FORWARD,104.518847463,104.34035741,0.00552922330399,0.00638019579228,-0.000850972488296,0.747663856739,0.252336143261,0,0,False,False,e2652ca0c223c9c4f71f584da95284bf419418cde6f5d0f7c13a1320c495ae75,ddc403fa8f1e6e4a8f8056128f0f4d7b85b2369678a66284c4227ce484770e7e,1287cd52a9759b03e3721481c647540e3acc2aa05f2d0eb05f2d78d03fa42dd7,7e5ec2a167bfc78d21b09c745695e7c34554e1b9ebd81124184aaecd1aa2d75e,"{""active_overlay_cap"":0.25,""active_regime"":""FIXED_25"",""active_return"":-0.0008509724882963532,""benchmark_nav"":104.34035741030146,""benchmark_return"":0.006380195792282439,""core_weight"":0.7476638567391821,""cost_drag_return"":-7.806255641895632e-18,""daily_return"":0.005529223303986086,""date"":""2026-10-06"",""dispersion"":0.1088394752611435,""executed_pending"":false,""gross_overlay_return"":-0.0008509724882963454,""high_dispersion_threshold"":0.08377447647316039,""market_snapshot_hash"":""e2652ca0c223c9c4f71f584da95284bf419418cde6f5d0f7c13a1320c495ae75"",""medium_dispersion_threshold"":0.07394039296131755,""nav"":104.51884746314984,""pending_overlay_cap"":null,""pending_regime"":null,""pending_target"":null,""row_type"":""FORWARD"",""satellite_weight"":0.2523361432608179,""satellite_weights"":{""EEM"":0.08229715781644881,""EFA"":0.0,""IWM"":0.0,""SPY"":0.0,""VNQ"":0.0,""XLE"":0.08537505205278258,""XLF"":0.0,""XLI"":0.0,""XLK"":0.08466393339158652,""XLP"":0.0,""XLU"":0.0,""XLV"":0.0,""XLY"":0.0},""signal_generated"":false,""strategy"":""RM25"",""strategy_hash"":""ddc403fa8f1e6e4a8f8056128f0f4d7b85b2369678a66284c4227ce484770e7e"",""top_signal_scores"":{""EEM"":0.6337609097653878,""SPY"":0.46786552653561,""XLE"":1.3385231068195864,""XLK"":2.066612816610815,""XLV"":0.28942676008903206},""transaction_cost_gbp"":0.0,""turnover"":0.0}"
2026-10-06,V3,FORWARD,104.516851028,104.34035741,0.00552781487566,0.00638019579228,-0.000852380916626,0.747667277515,0.252332722485,0,0,False,False,e2652ca0c223c9c4f71f584da95284bf419418cde6f5d0f7c13a1320c495ae75,5328cecd88d1b39cc3c978a3c80834f8ba060199129cdff2f8b56e2b93fa1c05,68a0b0050c25e3a9339bf6271a3e0c5eb8c704dc56b8808098e09a8d837d093e,89dbcb4a0170bda1fbbc2156e629504f72953cee536f099fdf2f1151716ba917,"{""active_overlay_cap"":0.25,""active_regime"":""FIXED_25"",""active_return"":-0.0008523809166258722,""benchmark_nav"":104.34035741030146,""benchmark_return"":0.006380195792282439,""core_weight"":0.7476672775153742,""cost_drag_return"":5.204170427930421e-17,""daily_return"":0.005527814875656567,""date"":""2026-10-06"",""dispersion"":0.1088394752611435,""executed_pending"":false,""gross_overlay_return"":-0.0008523809166259243,""high_dispersion_threshold"":0.08377447647316039,""market_snapshot_hash"":""e2652ca0c223c9c4f71f584da95284bf419418cde6f5d0f7c13a1320c495ae75"",""medium_dispersion_threshold"":0.07394039296131755,""nav"":104.51685102798946,""pending_overlay_cap"":null,""pending_regime"":null,""pending_target"":null,""row_type"":""FORWARD"",""satellite_weight"":0.2523327224846258,""satellite_weights"":{""EEM"":0.08240717983319605,""EFA"":0.0,""IWM"":0.0,""SPY"":0.0,""VNQ"":0.0,""XLE"":0.08549130724915054,""XLF"":0.0,""XLI"":0.0,""XLK"":0.0844342354022792,""XLP"":0.0,""XLU"":0.0,""XLV"":0.0,""XLY"":0.0},""signal_generated"":false,""strategy"":""V3"",""strategy_hash"":""5328cecd88d1b39cc3c978a3c80834f8ba060199129cdff2f8b56e2b93fa1c05"",""top_signal_scores"":{""EEM"":0.6848379153127441,""SPY"":0.7270290023623784,""XLE"":0.9816836716134635,""XLK"":2.1587179305878044,""XLV"":0.3402270935899342},""transaction_cost_gbp"":0.0,""turnover"":0.0}"
2026-10-06,V4,FORWARD,104.510809243,104.34035741,0.00551664932986,0.00638019579228,-0.000863546462421,0.747658487242,0.252341512758,0,0,False,False,e2652ca0c223c9c4f71f584da95284bf419418cde6f5d0f7c13a1320c495ae75,a4c08098b3eefbfc9651d779a27997e0a80ae6a482063c2ff37a63f6a39609ab,10069a0a2ee6f466b0ff06465e24fb152bcde7dbdc1cabf7144b599d91fc3769,595d359837741372ebb53813dfac9f4b68e17f3ccdbe6ab44a9a261c9132ba82,"{""active_overlay_cap"":0.25,""active_regime"":""HIGH"",""active_return"":-0.0008635464624209277,""benchmark_nav"":104.34035741030146,""benchmark_return"":0.006380195792282439,""core_weight"":0.7476584872418007,""cost_drag_return"":1.0408340855860843e-16,""daily_return"":0.005516649329861512,""date"":""2026-10-06"",""dispersion"":0.1088394752611435,""executed_pending"":false,""gross_overlay_return"":-0.0008635464624210318,""high_dispersion_threshold"":0.08377447647316039,""market_snapshot_hash"":""e2652ca0c223c9c4f71f584da95284bf419418cde6f5d0f7c13a1320c495ae75"",""medium_dispersion_threshold"":0.07394039296131755,""nav"":104.51080924344512,""pending_overlay_cap"":null,""pending_regime"":null,""pending_target"":null,""row_type"":""FORWARD"",""satellite_weight"":0.25234151275819927,""satellite_weights"":{""EEM"":0.08341604056460186,""EFA"":0.0,""IWM"":0.0,""SPY"":0.0,""VNQ"":0.0,""XLE"":0.08367926278195521,""XLF"":0.0,""XLI"":0.0,""XLK"":0.08524620941164222,""XLP"":0.0,""XLU"":0.0,""XLV"":0.0,""XLY"":0.0},""signal_generated"":false,""strategy"":""V4"",""strategy_hash"":""a4c08098b3eefbfc9651d779a27997e0a80ae6a482063c2ff37a63f6a39609ab"",""top_signal_scores"":{""EEM"":0.6337609097653878,""SPY"":0.46786552653561,""XLE"":1.3385231068195864,""XLK"":2.066612816610815,""XLV"":0.28942676008903206},""transaction_cost_gbp"":0.0,""turnover"":0.0}"
