detected_utc,date,strategy,ledger_row_type,stored_market_hash,current_market_hash
2026-10-01T19:23:13.883718+00:00,2026-09-16,V3,BASELINE,6ac6eb2e49f1c875278ddd0808094ef5f28a1749fe41e09d8641604387aa3625,42c5778e37208f6c8aa8fa3528c35c81f157c53219995cd71a311b9f2a1cf561
2026-10-01T19:23:13.884028+00:00,2026-09-17,V3,FORWARD,ee4150426aeca8c386aa68a92cf6a83c3d1d0db56d526ba76df0f19a214ddb59,8c2d3fa8cab1a542a665b79ff720b6526f0cbfc5ea38fd436c35616a0169bd02
2026-10-01T19:23:13.885652+00:00,2026-09-16,V4,BASELINE,6ac6eb2e49f1c875278ddd0808094ef5f28a1749fe41e09d8641604387aa3625,42c5778e37208f6c8aa8fa3528c35c81f157c53219995cd71a311b9f2a1cf561
2026-10-01T19:23:13.885943+00:00,2026-09-17,V4,FORWARD,ee4150426aeca8c386aa68a92cf6a83c3d1d0db56d526ba76df0f19a214ddb59,8c2d3fa8cab1a542a665b79ff720b6526f0cbfc5ea38fd436c35616a0169bd02
2026-10-01T19:23:13.887488+00:00,2026-09-16,RM25,BASELINE,6ac6eb2e49f1c875278ddd0808094ef5f28a1749fe41e09d8641604387aa3625,42c5778e37208f6c8aa8fa3528c35c81f157c53219995cd71a311b9f2a1cf561
2026-10-01T19:23:13.887776+00:00,2026-09-17,RM25,FORWARD,ee4150426aeca8c386aa68a92cf6a83c3d1d0db56d526ba76df0f19a214ddb59,8c2d3fa8cab1a542a665b79ff720b6526f0cbfc5ea38fd436c35616a0169bd02
2026-10-06T16:55:02.900245+00:00,2026-10-02,V3,FORWARD,73cb7f91c36104ee64d06c431c9bc3d45b2c7a9beb5edd2eeb2280771a9a71b5,a095b4469db812d29003d045cba0651c410f608495629c9a160435f37ed204fe
2026-10-06T16:55:02.905263+00:00,2026-10-02,V4,FORWARD,73cb7f91c36104ee64d06c431c9bc3d45b2c7a9beb5edd2eeb2280771a9a71b5,a095b4469db812d29003d045cba0651c410f608495629c9a160435f37ed204fe
2026-10-06T16:55:02.910118+00:00,2026-10-02,RM25,FORWARD,73cb7f91c36104ee64d06c431c9bc3d45b2c7a9beb5edd2eeb2280771a9a71b5,a095b4469db812d29003d045cba0651c410f608495629c9a160435f37ed204fe
